store_id,month_start,promotion_budget,median_income,population_density,region
Store_01,2023-01-01,11978.231419299666,52205.40854679805,293.23582428036843,West
Store_01,2023-02-01,18716.786125347742,57889.23889869232,326.21396907460974,East
Store_01,2023-03-01,19911.74365348,45737.52920802857,477.5441099490594,North
Store_01,2023-04-01,7210.322559728112,88879.84096566035,118.37750868148356,South
Store_01,2023-05-01,17780.449573894664,33506.709655747385,455.47789954120793,East
Store_01,2023-06-01,12967.925834864316,31650.04352989203,193.95196412957364,West
Store_01,2023-07-01,16109.106528853205,41611.55477124384,294.650893191584,West
Store_01,2023-08-01,7729.600841474677,49350.35176079037,414.5212314886911,South
Store_01,2023-09-01,11091.519268672204,47293.11780486281,158.29616268250754,West
Store_01,2023-10-01,8696.255991567394,53877.34808184044,100.29499691821336,North
Store_01,2023-11-01,13371.744502692954,84624.18693178354,436.429207809316,East
Store_01,2023-12-01,13246.258171880783,55543.7813938109,115.8554864059046,East
Store_01,2024-01-01,15120.108899640212,60233.85474867569,346.8967788137932,South
Store_01,2024-02-01,6902.630656991703,45950.5927528952,334.0082122680215,South
Store_01,2024-03-01,18060.27057240356,40455.84228308836,491.78981818371824,East
Store_01,2024-04-01,10820.149852267148,31898.789798605463,331.21972849052327,West
Store_01,2024-05-01,14516.14969831709,57041.59684271512,88.53829534783821,East
Store_01,2024-06-01,15428.865717012588,43394.078403612366,471.7451290322596,South
Store_01,2024-07-01,14434.911693794984,31019.23019014803,474.7434322236206,East
Store_01,2024-08-01,19857.92743675979,38711.37989913847,411.78318379188414,West
Store_01,2024-09-01,5954.301092266792,39056.67909969702,81.96309898909038,South
Store_01,2024-10-01,12411.931688092123,74795.36452434247,167.18640450065948,South
Store_01,2024-11-01,19198.55676213456,48476.28135160034,143.3239235223288,North
Store_01,2024-12-01,9542.915561087057,87059.07741040137,375.9907132686943,West
Store_02,2023-01-01,17082.48552413508,90563.01214636734,234.6707034335745,East
Store_02,2023-02-01,9665.27310754408,82666.35308877441,329.59911155219834,South
Store_02,2023-03-01,12317.750447325869,69443.65262333344,132.02230708145893,South
Store_02,2023-04-01,15366.101423985969,71472.44095323261,348.9357890507746,West
Store_02,2023-05-01,12261.60975579842,70294.12973617655,176.96507246307277,East
Store_02,2023-06-01,14844.259795245454,62796.97613010684,458.2463052575664,East
Store_02,2023-07-01,18949.22368258138,55713.88715961551,402.4867165411332,North
Store_02,2023-08-01,16925.580207700048,52462.52648931327,187.63922565628008,West
Store_02,2023-09-01,18587.19227804213,69443.65262333344,344.1026128762793,North
Store_02,2023-10-01,6470.381375294614,54342.09873239942,383.3287747638873,North
Store_02,2023-11-01,10352.884970261008,33217.60833273029,204.63092156134067,North
Store_02,2023-12-01,14829.165335813126,44134.36596428175,415.9396830242389,East
Store_02,2024-01-01,8468.123130868338,40313.590428038064,72.50557718014369,North
Store_02,2024-02-01,17333.460677088642,46558.99525098113,368.5144444429984,North
Store_02,2024-03-01,19885.01671982728,91885.32849926304,375.7172179081476,North
Store_02,2024-04-01,10921.15865172468,85745.1697179868,221.57698597800345,South
Store_02,2024-05-01,5174.422869907188,98574.68370165156,134.66985297806576,South
Store_02,2024-06-01,9212.302376584948,78702.05096727489,138.57329922687995,South
Store_02,2024-07-01,7358.361301248035,48433.3029481779,391.7965687757314,South
Store_02,2024-08-01,17041.744160790746,31757.40446117028,286.61047441278265,South
Store_02,2024-09-01,11465.468620648917,75755.01168258744,406.1604876331423,South
Store_02,2024-10-01,11939.5189198126,87071.96560355698,391.8997777555272,North
Store_02,2024-11-01,18711.748160671683,97602.05177631736,158.6408528413802,West
Store_02,2024-12-01,8281.097514531057,31182.93698719661,432.7138301797219,North
Store_03,2023-01-01,15162.745620445645,47603.87813953961,174.00937647333652,South
Store_03,2023-02-01,16976.405073147555,35623.999339778384,431.4384366243049,East
Store_03,2023-03-01,19306.063591092865,86719.6699281658,217.7052751729667,North
Store_03,2023-04-01,16713.53154777566,85302.67558871134,207.03680745828268,East
Store_03,2023-05-01,16600.53018181376,87380.43845791137,260.3024216043125,South
Store_03,2023-06-01,15490.91984568499,87771.59767408075,142.159885387509,North
Store_03,2023-07-01,6065.20548996791,49625.1040286628,51.31656811161758,West
Store_03,2023-08-01,11340.484302059484,41589.029001758274,458.7751505801237,West
Store_03,2023-09-01,17441.1224930172,53061.744967913575,409.7777275480404,North
Store_03,2023-10-01,12262.47892466847,61720.687813082855,440.6371036366333,South
Store_03,2023-11-01,7853.483943686347,30882.527779180746,135.93890351984533,North
Store_03,2023-12-01,8764.44901285475,72171.55227270382,285.2958053709158,South
Store_03,2024-01-01,19757.314715784058,40284.6354878596,245.9646623229353,East
Store_03,2024-02-01,10267.00597816959,72335.8907186799,87.30165007129486,East
Store_03,2024-03-01,18261.07664447253,36880.62148780242,282.40922893664424,West
Store_03,2024-04-01,18510.82189475765,77731.5067208849,61.72393196186445,East
Store_03,2024-05-01,12158.34481892519,48642.24176931105,408.4805261381247,West
Store_03,2024-06-01,6965.967372200238,90401.5058257352,71.46572418466472,North
Store_03,2024-07-01,16522.385337659325,61324.70840765188,146.0042946055338,North
Store_03,2024-08-01,16374.877113748496,83705.0705046916,374.1817993767537,East
Store_03,2024-09-01,7978.161498237058,54922.12963511577,225.23620483884665,East
Store_03,2024-10-01,19770.59755130992,94332.7840463004,204.2353231597989,North
Store_03,2024-11-01,10353.42824803212,55866.9211350752,260.6359428724815,East
Store_03,2024-12-01,10849.73401429643,87590.77714794117,378.0007699911438,East
Store_04,2023-01-01,16339.163816640075,53189.71321396105,117.92628509550946,East
Store_04,2023-02-01,5643.66393719455,59514.37191013929,385.5274108900091,West
Store_04,2023-03-01,18744.90897099819,90411.5405494432,402.7202351716752,East
Store_04,2023-04-01,14417.453052665744,59514.37191013929,196.74620910220276,East
Store_04,2023-05-01,17287.078343751054,38312.16056158698,167.41514998716062,South
Store_04,2023-06-01,9084.030108774989,53181.86625463095,134.21875538255443,East
Store_04,2023-07-01,17709.642953985465,87139.9587433571,335.14806858360856,North
Store_04,2023-08-01,17803.717781262952,59767.77990045,317.7389661493925,North
Store_04,2023-09-01,17795.348476047067,93088.6479869758,320.92204968048543,West
Store_04,2023-10-01,14854.83496537513,80632.65851356124,149.30283708901226,West
Store_04,2023-11-01,18375.26722624093,94494.5374401792,299.5547460294569,East
Store_04,2023-12-01,8787.31267355165,85731.29947909404,325.1326765737859,North
Store_04,2024-01-01,5959.216830995822,48468.76946164656,420.6811750400042,North
Store_04,2024-02-01,15960.885352038358,56906.7442884507,80.41070939555848,West
Store_04,2024-03-01,18455.231857240095,74760.4868629913,390.4558500748604,North
Store_04,2024-04-01,15083.956372941666,37499.28861224381,118.78859654365748,North
Store_04,2024-05-01,15422.038072305397,42434.87713548497,107.0079425958293,North
Store_04,2024-06-01,17522.272329535983,50358.07237211695,343.8263474049669,South
Store_04,2024-07-01,12797.13116583509,88847.44102718483,418.9397131624392,South
Store_04,2024-08-01,10302.81317399976,93136.66724688606,72.27402105805879,South
Store_04,2024-09-01,5126.981626708146,55786.11512200738,102.24831726516904,West
Store_04,2024-10-01,15495.36362408619,38002.992978505376,438.787719917462,West
Store_04,2024-11-01,9695.911822043578,63075.36112361226,167.17773859251838,East
Store_04,2024-12-01,13196.522278991468,34903.32505402147,355.14599980910003,West
Store_05,2023-01-01,6016.035602219017,55979.16305911351,479.4228195177677,West
Store_05,2023-02-01,6554.532775749548,66615.09229792707,127.93882095386624,South
Store_05,2023-03-01,13499.074243655365,35823.754802670395,183.1571279727818,South
Store_05,2023-04-01,10278.733439247047,44777.88179032201,320.080737742721,East
Store_05,2023-05-01,9075.361862423208,81602.04001661816,394.901639887932,South
Store_05,2023-06-01,8570.923590059587,97192.1959907236,453.0826062847851,South
Store_05,2023-07-01,18898.98403865284,39058.07574338689,364.8990952756905,East
Store_05,2023-08-01,14980.486069601344,41181.181871594665,272.49974135477487,South
Store_05,2023-09-01,11527.602872230513,93559.79184573395,192.5790116275037,East
Store_05,2023-10-01,10997.05313534198,87306.14891406285,115.78834222054078,West
Store_05,2023-11-01,11999.778926155308,40091.35068353856,151.33397829483448,West
Store_05,2023-12-01,7977.19934235551,76397.689117714,427.4839883110613,South
Store_05,2024-01-01,12974.36208291848,62109.00102582028,483.2162969116081,South
Store_05,2024-02-01,9470.059031813067,87407.67787262134,277.2092581981369,East
Store_05,2024-03-01,9874.155839443389,38929.07570969876,117.86538275600344,East
Store_05,2024-04-01,11344.21793144329,50548.73554417843,398.260019142424,North
Store_05,2024-05-01,17968.82350145007,73452.29988863495,203.6201768103123,West
Store_05,2024-06-01,10550.98198997382,72857.17750637594,66.88956145348689,North
Store_05,2024-07-01,5779.435583919127,65748.87330817617,144.0388689940846,North
Store_05,2024-08-01,7135.418200118265,94444.28994051354,272.9685193868043,South
Store_05,2024-09-01,11325.807049716675,97733.23397927356,422.82297812097073,North
Store_05,2024-10-01,6883.01068792172,81843.51488147024,442.432705769082,East
Store_05,2024-11-01,12591.04298940353,47899.28067253616,61.72814421065366,East
Store_05,2024-12-01,10433.1242048108,39521.54399964765,495.3117890997725,South
Store_06,2023-01-01,13527.98640924798,59799.137511939145,192.683320669034,East
Store_06,2023-02-01,9596.839006069014,70040.22079089389,159.68126903558073,North
Store_06,2023-03-01,13938.033630567326,68785.16201352779,377.8089378011677,South
Store_06,2023-04-01,16273.750120332808,57728.80287966353,466.6254051139964,East
Store_06,2023-05-01,8834.643230204063,87794.30214500453,428.5240980441972,West
Store_06,2023-06-01,5076.497184522796,53190.22002378901,335.850413452453,West
Store_06,2023-07-01,8955.412508538313,86693.24248279777,426.39402227844414,North
Store_06,2023-08-01,7223.7771245791955,56842.34123843868,467.2198088949198,West
Store_06,2023-09-01,11492.03314381651,67093.06708354429,120.81203104570903,North
Store_06,2023-10-01,14647.376008920712,77359.29118221278,404.8243894612466,South
Store_06,2023-11-01,16581.854963162856,49895.90840337624,275.0404895047483,East
Store_06,2023-12-01,19998.719585811305,74956.13588594426,194.9555439690992,East
Store_06,2024-01-01,16825.564047140986,38518.08550637749,299.0102667511435,West
Store_06,2024-02-01,9714.877518994654,80680.57091829117,142.28251287525393,East
Store_06,2024-03-01,14341.856419406338,95907.38306305723,357.2728764510886,North
Store_06,2024-04-01,11799.29785576826,94158.64538534456,69.57553056419042,South
Store_06,2024-05-01,17074.35566220899,59614.07150249832,352.5281173098712,East
Store_06,2024-06-01,18866.15071809935,77754.81786036803,316.53894201704964,South
Store_06,2024-07-01,16156.511680723555,43461.415782118704,395.75387639912816,North
Store_06,2024-08-01,19247.475222694327,54900.22262221117,85.36348209249422,West
Store_06,2024-09-01,15735.162081604043,37455.46081045923,159.3190585719477,East
Store_06,2024-10-01,11554.217179603404,36291.72822032244,409.40564123049927,West
Store_06,2024-11-01,15085.013978524845,97439.86534682516,209.98256698875872,East
Store_06,2024-12-01,14320.918330034909,86111.25838474993,475.4376360652725,East
Store_07,2023-01-01,8903.609851990015,57265.98378434344,239.68512639280175,East
Store_07,2023-02-01,16469.14229799698,90038.0062635994,215.73286049659416,East
Store_07,2023-03-01,11993.52159553814,89675.86419458513,69.45255868381335,West
Store_07,2023-04-01,9908.977735312885,63965.08193834068,122.5889627790488,East
Store_07,2023-05-01,5901.506317369841,63459.02308234811,468.43742930094817,East
Store_07,2023-06-01,8689.826503967259,49959.588913161584,87.88396923708167,West
Store_07,2023-07-01,8696.387899675017,75436.46483636268,429.4607435864901,West
Store_07,2023-08-01,18582.26983356146,48353.91984066577,208.30579234819064,North
Store_07,2023-09-01,11698.57673132028,47222.354648236,265.7029544994398,North
Store_07,2023-10-01,5500.610374037986,43359.71977859909,94.89030006978392,East
Store_07,2023-11-01,18601.6306039182,45923.98771281689,299.14646789184377,South
Store_07,2023-12-01,5733.225249413582,44251.51427053136,310.1984240562422,East
Store_07,2024-01-01,15950.25137762058,52061.89992224246,173.12014471850392,West
Store_07,2024-02-01,15954.75048424775,98288.01804713378,71.95274839579577,West
Store_07,2024-03-01,9503.2642408016,99628.10602510294,245.99346360954223,South
Store_07,2024-04-01,7400.695377709724,60290.11031254988,350.47772372390006,North
Store_07,2024-05-01,14683.763624181636,99574.69164869764,214.47232813639465,North
Store_07,2024-06-01,11807.07895521944,98587.53201777024,84.68005873384521,North
Store_07,2024-07-01,12704.0497507056,33907.96891297848,93.9990212184662,South
Store_07,2024-08-01,8910.24546476343,53836.1965647045,141.1836251437599,South
Store_07,2024-09-01,11949.06568103651,56799.19304558881,414.9625407458394,East
Store_07,2024-10-01,15075.636042654529,35436.30587035854,466.1665879292601,North
Store_07,2024-11-01,7589.666464909409,69554.86565714978,122.45804444230276,West
Store_07,2024-12-01,11327.265996589507,48383.94023741697,362.0799340228095,South
Store_08,2023-01-01,9990.251005124415,37567.15475007302,92.65975031990745,East
Store_08,2023-02-01,14784.780741158538,46727.78799963034,469.56810843209166,East
Store_08,2023-03-01,10269.21143936524,54764.68933395178,216.20611909335005,West
Store_08,2023-04-01,11669.763573333572,82082.6403141942,452.66243608782327,North
Store_08,2023-05-01,16638.83947470018,64060.63938959582,210.42072641865408,East
Store_08,2023-06-01,15960.78934559036,99567.97307092445,454.772121566984,North
Store_08,2023-07-01,9207.849421926789,65277.59980549438,127.0339988041414,North
Store_08,2023-08-01,6605.393166267456,47630.61900058088,125.92207228154756,West
Store_08,2023-09-01,17793.162915285793,61512.15605163389,383.7023233483998,North
Store_08,2023-10-01,15248.763436082148,96409.3614507714,180.2168530214641,North
Store_08,2023-11-01,7862.02644310118,64994.92760856698,131.01041661331823,East
Store_08,2023-12-01,17330.0927360336,75138.87351493849,107.92069631094265,South
Store_08,2024-01-01,12876.426341534512,64060.63938959582,359.4533777877429,West
Store_08,2024-02-01,12087.382720440151,47678.86908832805,77.08363482287903,West
Store_08,2024-03-01,15483.806478677076,64060.67224969548,138.94818528884576,East
Store_08,2024-04-01,10800.014598731614,42390.915608939256,117.47092899747766,North
Store_08,2024-05-01,5667.938624210213,90199.5121359146,327.9102217170732,West
Store_08,2024-06-01,8262.413904532681,45285.29618779076,109.17350093826424,West
Store_08,2024-07-01,9088.719429950344,32922.52555964506,452.4450654333439,East
Store_08,2024-08-01,15493.394068228868,47728.05121649611,268.0329619510891,South
Store_08,2024-09-01,11630.06275757958,51413.591704285616,307.31845492204195,West
Store_08,2024-10-01,18823.622359012268,87468.50329599807,389.3945955818046,North
Store_08,2024-11-01,11280.689229675492,93350.08893585936,265.5210661794828,South
Store_08,2024-12-01,15346.160262866117,85996.87267983065,145.8808139799089,East
Store_09,2023-01-01,8871.874679737924,35396.95315247345,187.0151145362584,South
Store_09,2023-02-01,8468.100280238075,99485.21539355244,480.7798713131513,East
Store_09,2023-03-01,16827.01377367395,45155.456827813934,290.5102288525115,East
Store_09,2023-04-01,15487.393168688546,49074.70709855229,482.5146786039065,South
Store_09,2023-05-01,8145.958468102148,31603.58415136557,102.30027342026268,South
Store_09,2023-06-01,6608.888723894586,31380.29386273022,77.58306166292552,South
Store_09,2023-07-01,19040.30566613828,90841.7394202412,152.68464795175993,North
Store_09,2023-08-01,5347.005105924935,52157.53474928055,384.2072985263599,East
Store_09,2023-09-01,13688.097453111935,33986.627852697755,469.7165551192976,North
Store_09,2023-10-01,16453.702577373388,97417.7041411212,345.79871039358324,South
Store_09,2023-11-01,12761.810930847843,92373.59199254632,242.527297074676,West
Store_09,2023-12-01,12926.447649976924,51678.23847780071,197.6391352358717,North
Store_09,2024-01-01,5888.144536964583,46941.98367276297,177.5520185987141,North
Store_09,2024-02-01,7020.248951328398,72498.17484845343,183.52205152827727,West
Store_09,2024-03-01,7347.383384012712,93713.44694724616,248.54422437575613,East
Store_09,2024-04-01,8604.354024353925,77398.14892422236,476.5868126911591,West
Store_09,2024-05-01,16161.9704420688,61956.7213936805,324.03076585269025,North
Store_09,2024-06-01,16765.904194613533,88457.69060657432,82.98561015831135,East
Store_09,2024-07-01,5257.739964756677,83149.86202807198,171.08955739241537,South
Store_09,2024-08-01,10022.56310592072,94424.8804139256,76.45059752982654,East
Store_09,2024-09-01,9577.766762558971,65206.95525809036,402.7324105952446,North
Store_09,2024-10-01,11074.05215442104,85358.70088071213,165.0584783305474,East
Store_09,2024-11-01,5844.1935017930655,53291.22215225213,285.4955882674104,East
Store_09,2024-12-01,6371.147830953995,82913.22618795407,354.4054774325475,North
Store_10,2023-01-01,5529.539544115995,38894.19776525645,325.18705908394367,West
Store_10,2023-02-01,12519.404079499413,31315.083973412427,370.7228084233567,East
Store_10,2023-03-01,8246.666354232759,34648.22407294852,304.2407546426929,South
Store_10,2023-04-01,14950.240251759313,36424.40684589906,343.17798213124394,West
Store_10,2023-05-01,8743.72456857696,30795.42449915392,168.12007142883664,West
Store_10,2023-06-01,16257.707118667277,97015.99582834136,309.1646941585235,East
Store_10,2023-07-01,10361.844471493336,52292.77689356558,346.59873767977626,North
Store_10,2023-08-01,9993.234496766603,60283.06918654847,206.3089014504829,East
Store_10,2023-09-01,18878.96335772429,77004.52262508396,282.07553408794774,South
Store_10,2023-10-01,6560.506665320179,84841.49769019076,119.58096549315522,South
Store_10,2023-11-01,8712.28759858817,77993.56815895974,113.17483569796758,North
Store_10,2023-12-01,14767.50319900358,90155.14586647744,51.52295975746243,North
Store_10,2024-01-01,16073.730868127665,93985.4957105417,286.0538773680986,South
Store_10,2024-02-01,8245.153981940417,89030.50710032525,275.9794868749992,South
Store_10,2024-03-01,8822.147354172252,90604.53119480856,294.18410418405296,North
Store_10,2024-04-01,6708.921554000215,75368.31550754145,314.8765762118714,South
Store_10,2024-05-01,11065.859414529245,39420.12104737358,420.607799969506,South
Store_10,2024-06-01,18244.588006444304,69663.22175247586,192.0043694139624,East
Store_10,2024-07-01,7637.326128998946,96721.76025854322,320.1713966257733,North
Store_10,2024-08-01,18422.018528454944,98364.03627786256,158.308600627368,North
Store_10,2024-09-01,13622.820713911304,62573.0570150147,127.6468072452992,East
Store_10,2024-10-01,14728.757853083149,52391.49243228747,261.91767647949604,East
Store_10,2024-11-01,10138.206542785356,77696.46810839366,117.16324407966742,North
Store_10,2024-12-01,16034.598330429317,36580.651164684576,146.30313550076505,East
Store_11,2023-01-01,8937.682958018391,51079.82406490531,363.4629916731192,East
Store_11,2023-02-01,5073.865633290298,74956.79961531734,99.13263204298669,East
Store_11,2023-03-01,19782.56852055201,37990.71136013618,329.39006909984346,East
Store_11,2023-04-01,11233.76881159324,56458.32211825751,278.3410113530735,East
Store_11,2023-05-01,8561.54861748594,70468.97029416884,377.4634876463346,West
Store_11,2023-06-01,14200.204670494386,48984.60121634662,155.8537177393227,West
Store_11,2023-07-01,15353.6641619051,46139.51522365608,328.0476168981993,West
Store_11,2023-08-01,11107.979687912466,33497.46820827781,269.2112283851355,West
Store_11,2023-09-01,5922.570384922257,67823.51908208973,95.83774747437128,East
Store_11,2023-10-01,15322.083998427708,96770.20786485392,431.4504007648555,East
Store_11,2023-11-01,15514.97215021303,65836.09807436675,86.88746180044139,North
Store_11,2023-12-01,13446.93660886638,65848.34938152022,59.04208699210496,West
Store_11,2024-01-01,10231.901495341815,78794.9366096455,179.91377982184102,West
Store_11,2024-02-01,10296.169766920411,77713.58565452253,50.08797026563981,West
Store_11,2024-03-01,15396.943293283031,42630.02734900647,469.8417514937766,East
Store_11,2024-04-01,10353.775611206038,56999.64800598289,387.2242325835476,West
Store_11,2024-05-01,5844.650816941351,72344.77113699092,67.68162209452697,North
Store_11,2024-06-01,14296.0259207515,52010.32482461168,425.5402888889599,South
Store_11,2024-07-01,15635.899870030558,90541.68034991264,473.0771051729447,East
Store_11,2024-08-01,5860.571912729683,59113.115818328806,316.1043842966823,South
Store_11,2024-09-01,6850.148276096865,35894.46150003499,63.6261106487592,West
Store_11,2024-10-01,8453.976696501455,92431.95765302652,179.79419224861795,North
Store_11,2024-11-01,12278.4363589293,56042.65823327983,379.4054711014255,South
Store_11,2024-12-01,19011.19590787021,73863.05950034838,137.70298735611806,West
Store_12,2023-01-01,18873.220333489888,87691.95873035751,122.68588014139588,North
Store_12,2023-02-01,7767.090918830432,36975.5655077466,218.70434916977888,North
Store_12,2023-03-01,7655.20752988861,56086.5164738509,166.1290298968475,South
Store_12,2023-04-01,16648.653459109242,37458.29014650587,429.5943445700491,East
Store_12,2023-05-01,15223.12666697616,31290.99678535885,379.4990510190916,South
Store_12,2023-06-01,5332.727969503912,70665.6985076819,323.40301160168303,South
Store_12,2023-07-01,15761.43125276698,50411.26528555789,487.9233941264197,East
Store_12,2023-08-01,13289.205526870825,56705.51690783686,115.43246602305004,South
Store_12,2023-09-01,6805.749420561997,30959.29467361234,170.564448901546,East
Store_12,2023-10-01,12097.270129854896,57353.594126986005,146.76844664637474,East
Store_12,2023-11-01,7900.121131110744,53433.32962682933,56.600590690904966,North
Store_12,2023-12-01,8161.054639964931,82935.2101334676,250.19317857731053,North
Store_12,2024-01-01,19204.736148557386,73368.53118827372,92.56016235304564,East
Store_12,2024-02-01,11809.153311489148,56967.47894742408,382.0425308097926,West
Store_12,2024-03-01,14526.121929377654,38489.985651345625,228.50222904711592,East
Store_12,2024-04-01,16035.648600716648,32518.068935381954,256.846818315723,East
Store_12,2024-05-01,17768.985773297274,48304.27804288732,371.62831586720296,East
Store_12,2024-06-01,17983.38985132331,56086.5164738509,345.8494305781175,North
Store_12,2024-07-01,6436.62063000934,61409.81534493422,343.11333980260764,West
Store_12,2024-08-01,19555.428075846063,80867.74701986834,369.9772730019398,West
Store_12,2024-09-01,16311.070085069769,88401.82391355417,206.1274565545576,North
Store_12,2024-10-01,16350.209130826206,44675.72731044756,147.52253439518802,South
Store_12,2024-11-01,14286.365623113365,76539.61514181596,240.6183907120785,East
Store_12,2024-12-01,10009.760098903622,40323.00869632296,168.27239692889304,South
Store_13,2023-01-01,18803.93263971314,83856.87719106968,368.8643733473271,West
Store_13,2023-02-01,9242.310865338552,87725.89964164616,335.6052086975777,West
Store_13,2023-03-01,9117.93753354288,58209.36440314836,300.4822784395578,South
Store_13,2023-04-01,9280.892543283617,96638.91096435583,239.8576265655257,East
Store_13,2023-05-01,5589.591991015602,58736.39099087276,235.7572312999968,East
Store_13,2023-06-01,19067.76568364744,32715.555201584677,251.4427764217357,North
Store_13,2023-07-01,18415.244645824736,34280.19029408716,246.41737583319207,South
Store_13,2023-08-01,16044.100611242198,66864.41277149733,72.00749618294427,North
Store_13,2023-09-01,16565.549184438845,37705.83147913244,489.590984499222,West
Store_13,2023-10-01,7665.717560379028,62036.92508101515,257.595600431845,South
Store_13,2023-11-01,12576.7039713929,49306.07852837751,134.5629771918724,East
Store_13,2023-12-01,10493.10467635416,78636.85231210775,141.9155280910345,West
Store_13,2024-01-01,19934.920970803498,86548.41256837334,280.2952428250096,East
Store_13,2024-02-01,8832.086912366096,58315.04808613884,208.76343966463392,East
Store_13,2024-03-01,12124.040001254,65932.45168080494,262.1846193844066,South
Store_13,2024-04-01,9071.417155236411,85058.81741471012,68.83874113334596,West
Store_13,2024-05-01,17272.255552200237,40637.27308393202,406.1419950259273,South
Store_13,2024-06-01,11860.950838478013,79296.25205881157,328.2203533498312,North
Store_13,2024-07-01,6539.906386311832,61892.75402321424,496.6840760023956,South
Store_13,2024-08-01,13307.872295977812,82957.66822814816,296.76295337109764,East
Store_13,2024-09-01,13089.826487680357,60627.69701324333,332.8818974402437,East
Store_13,2024-10-01,13071.79028280341,86608.4574375343,480.2694868277695,West
Store_13,2024-11-01,11093.99060669266,51348.17759855379,120.62867031741344,North
Store_13,2024-12-01,19169.86330263747,57245.44906729482,114.45357256782398,North
Store_14,2023-01-01,6422.757209521556,35558.43086587104,123.4172829063531,East
Store_14,2023-02-01,9637.725901969994,54551.9014864288,162.72231153113313,West
Store_14,2023-03-01,8269.43111699009,34004.07480186729,402.37595782085054,East
Store_14,2023-04-01,13328.080293799983,62257.44107001362,412.43453795847046,North
Store_14,2023-05-01,14831.046281246048,79744.13901292329,339.3446809848647,West
Store_14,2023-06-01,6920.585967941719,95679.38914755068,355.31598290537926,West
Store_14,2023-07-01,9035.717154567245,98478.18169536948,378.0478127127037,North
Store_14,2023-08-01,6999.765809988576,61708.25451493587,52.3931617107807,South
Store_14,2023-09-01,9483.825048899103,62257.44107001362,246.73262235944517,North
Store_14,2023-10-01,17347.587929169087,91329.1199278894,337.47191726141773,West
Store_14,2023-11-01,17124.877564844148,73001.26910583614,321.2279273931714,East
Store_14,2023-12-01,9747.324202739936,32472.801786745244,134.06877269145951,East
Store_14,2024-01-01,16342.896830752708,47733.12311934236,74.16389288248457,North
Store_14,2024-02-01,13087.392602174794,85059.06512736474,358.09466992788094,East
Store_14,2024-03-01,19108.95714686357,69664.45294792637,115.754503849603,South
Store_14,2024-04-01,6813.968300452403,84157.11862193578,334.5583324571476,West
Store_14,2024-05-01,7262.636747046872,33084.78333766147,323.74225265765705,South
Store_14,2024-06-01,14795.815591058632,36314.62768557599,215.7303498541852,North
Store_14,2024-07-01,13107.548932952566,53310.602813534686,483.3227378892133,West
Store_14,2024-08-01,18959.67110973986,76993.86588046094,354.5907778921147,South
Store_14,2024-09-01,14617.16760954291,88180.48226100215,337.54038167222683,East
Store_14,2024-10-01,15320.097066016491,81980.00618901954,177.13487619562085,West
Store_14,2024-11-01,19352.9441948143,49934.323520769234,405.0906634859349,West
Store_14,2024-12-01,14951.775173258053,50297.52417683016,106.3421967673258,East
Store_15,2023-01-01,12239.803284009986,83784.01730280565,254.33880272933035,North
Store_15,2023-02-01,18855.23005890833,77835.38814020593,328.02372173476925,South
Store_15,2023-03-01,13528.259170238816,34351.35867270725,137.37218935874873,North
Store_15,2023-04-01,9496.842330442058,92089.92998548072,142.9794182285586,East
Store_15,2023-05-01,13674.351097755643,58932.83474874383,392.9951212294326,West
Store_15,2023-06-01,5856.231587321951,70935.72358171243,364.9371026083288,South
Store_15,2023-07-01,5058.028647901988,59493.145825592524,495.2438794246583,North
Store_15,2023-08-01,8832.303012996921,84206.64896528676,403.0528846152107,East
Store_15,2023-09-01,7539.438933104922,51232.08356815601,269.1026766977984,East
Store_15,2023-10-01,10504.79929888972,44219.736604882615,420.89426148010216,North
Store_15,2023-11-01,5483.795354209933,52047.10152181371,390.5342334225048,West
Store_15,2023-12-01,16627.336765784683,89848.94043440794,366.3653932672373,West
Store_15,2024-01-01,9256.426943242914,46156.846413917374,205.58321836249667,North
Store_15,2024-02-01,5489.71682374012,90267.90557876184,457.5232980189973,West
Store_15,2024-03-01,15586.516748246386,49517.42484674552,94.57153531497435,South
Store_15,2024-04-01,11327.050397277791,57675.55913036712,164.68813637353128,West
Store_15,2024-05-01,8591.493584209202,59195.66018935308,223.9293698519976,South
Store_15,2024-06-01,15122.918982456284,43833.48563853032,485.5513184484533,South
Store_15,2024-07-01,5966.458116483259,30278.274432671285,279.29052925384593,East
Store_15,2024-08-01,15507.041786481032,35498.32390302333,193.8948790395268,West
Store_15,2024-09-01,10184.879745624334,44880.31866128775,411.1766474502583,West
Store_15,2024-10-01,12829.80012246778,44740.46507658767,210.5021687418452,East
Store_15,2024-11-01,15714.945968266984,55500.60443619499,248.2623691897127,South
Store_15,2024-12-01,5882.211825641379,37760.49248929224,153.34920856241064,North
Store_16,2023-01-01,12268.781263157858,78388.18966488857,192.8318027858569,East
Store_16,2023-02-01,16107.692910526992,49499.27996820334,383.7447885687039,North
Store_16,2023-03-01,12065.840863395671,94617.04101648506,250.7679989176333,East
Store_16,2023-04-01,7908.510060053678,41408.65909513662,186.49066938848145,North
Store_16,2023-05-01,14739.03547684513,80016.9774373413,468.41565568758574,West
Store_16,2023-06-01,12389.080124033831,91957.67952540188,260.9488296216796,South
Store_16,2023-07-01,9201.655886395469,42091.72452804842,340.53346608776144,North
Store_16,2023-08-01,13005.928563790258,97149.76576930852,495.3685662214502,East
Store_16,2023-09-01,14004.793418743971,64338.20628784884,161.83960886026887,East
Store_16,2023-10-01,7417.972873486875,97689.545105404,425.240141387783,North
Store_16,2023-11-01,5705.98408602433,61908.62275416745,412.1945009400853,South
Store_16,2023-12-01,7753.72271001649,60066.69065229471,373.9278409897363,South
Store_16,2024-01-01,5868.565800159767,68609.91748581135,409.6901343397834,West
Store_16,2024-02-01,12424.868764338964,59541.11184201228,202.65886839938503,South
Store_16,2024-03-01,19724.888614398977,81656.6863446738,272.58230324252065,West
Store_16,2024-04-01,7928.438564943792,45647.27980815274,102.73467602970126,West
Store_16,2024-05-01,8821.218458143358,67154.50265110456,212.3209497894092,East
Store_16,2024-06-01,7260.268315348737,63708.366417187775,295.911194635794,East
Store_16,2024-07-01,8231.826575299241,89637.72704275706,397.2821357489867,North
Store_16,2024-08-01,10703.060126090795,94537.41134033602,111.38358596178284,West
Store_16,2024-09-01,9298.243442302082,46173.40960340015,466.6657209782943,East
Store_16,2024-10-01,15919.931190899348,45779.748625715525,358.14334764887144,South
Store_16,2024-11-01,17869.314403462784,74826.0756901245,319.88494454249155,North
Store_16,2024-12-01,8233.879149613353,43850.89655872451,465.492757806109,West
Store_17,2023-01-01,11126.551348709145,44531.64054895372,227.0323751666329,South
Store_17,2023-02-01,16209.91867668891,78103.7469805287,231.0193851250915,North
Store_17,2023-03-01,12453.329597565054,75097.86730835019,353.3042455383923,West
Store_17,2023-04-01,18795.412155399,69720.42604829562,277.41601610471264,East
Store_17,2023-05-01,13752.238647176868,32223.51348176776,418.55796178151246,North
Store_17,2023-06-01,10646.804843485605,91015.60264643429,359.54290769734206,South
Store_17,2023-07-01,12273.347738818851,64127.81673935634,63.66121673324647,South
Store_17,2023-08-01,6679.122784383349,73030.41637633851,178.87060915127276,West
Store_17,2023-09-01,11308.337573609908,54846.23079197524,361.7083684705099,North
Store_17,2023-10-01,13738.285179318988,84144.30423993914,122.4093265819376,South
Store_17,2023-11-01,16152.53575355824,93183.1766520852,423.3166225376991,North
Store_17,2023-12-01,6543.534703878295,94957.13338058356,311.7178415797244,North
Store_17,2024-01-01,5591.459150382574,32710.215618308364,344.23205243211345,West
Store_17,2024-02-01,7673.780039858826,87560.42676616128,295.2264946239517,West
Store_17,2024-03-01,15611.109236761376,43132.91404271772,466.5865590008999,East
Store_17,2024-04-01,19414.49027543025,46373.792960922015,406.20282620264913,West
Store_17,2024-05-01,9765.205147863331,83439.04029935287,496.073375461856,South
Store_17,2024-06-01,8646.415038284285,95114.37209695118,358.9463786988752,South
Store_17,2024-07-01,14703.587711644475,35166.67730828864,437.0418506587353,West
Store_17,2024-08-01,17094.535029622457,89964.69622860136,246.607927474194,South
Store_17,2024-09-01,17789.646236150737,89901.52851418659,356.3228132509665,North
Store_17,2024-10-01,19814.447773646705,45300.017232015634,254.1045806746972,East
Store_17,2024-11-01,8906.675863002485,53495.23980734458,149.64166911686726,East
Store_17,2024-12-01,6560.967327570826,40237.45558905605,367.21977731659126,North
Store_18,2023-01-01,10477.74089121292,38049.57361050013,464.61640403872326,East
Store_18,2023-02-01,8375.923865602621,81335.19305628049,369.3303327665818,North
Store_18,2023-03-01,9296.467073368174,86449.17915876875,447.4343619344433,North
Store_18,2023-04-01,15220.633405091825,95086.45235479844,254.0628296858256,North
Store_18,2023-05-01,6652.53573380647,71916.82206241043,149.1154981115928,East
Store_18,2023-06-01,7983.231689374372,41839.65109087495,389.92065234715614,East
Store_18,2023-07-01,6393.625129666192,67286.83188552447,256.5450652003027,South
Store_18,2023-08-01,19151.10989395661,93919.38863444488,456.6808045711528,West
Store_18,2023-09-01,13310.4162403527,90967.79905139448,320.7529426410452,North
Store_18,2023-10-01,19192.383155352218,79088.38168001716,101.84346668082914,West
Store_18,2023-11-01,13318.221953976452,65139.31137337224,225.4826416370624,South
Store_18,2023-12-01,8997.112234804537,63685.45607419694,180.00916606102174,South
Store_18,2024-01-01,16670.7838049954,94120.5073835709,273.54776523703833,East
Store_18,2024-02-01,11481.23825015836,43805.12589381244,110.62593761251486,West
Store_18,2024-03-01,5605.7865213509,53935.23260001329,187.07492994263296,South
Store_18,2024-04-01,11274.223106990572,41023.91521497517,237.09016294830744,North
Store_18,2024-05-01,11259.468095573284,81630.62380623902,492.99175377364674,East
Store_18,2024-06-01,5135.81546088782,55027.93363228457,243.38842856244528,North
Store_18,2024-07-01,13206.287305010284,74349.45560547075,324.5010148719625,North
Store_18,2024-08-01,15041.43632218749,54338.979046157496,110.58287021896324,East
Store_18,2024-09-01,11764.10212601828,74349.45560547075,186.46989609500372,South
Store_18,2024-10-01,15890.144509034526,99263.3312865548,301.3251357016039,West
Store_18,2024-11-01,12918.234340602494,99800.04791349768,258.4664579787256,North
Store_18,2024-12-01,8461.071260727536,79784.75426720848,469.0720798224058,South
Store_19,2023-01-01,15949.753670092246,52123.772403117706,196.709093700388,North
Store_19,2023-02-01,13051.51022155854,37361.341224136064,330.5998692618466,North
Store_19,2023-03-01,13831.596750479672,33299.44938974444,431.0250910497188,South
Store_19,2023-04-01,19781.534280071843,68968.682163967,301.0736106687951,East
Store_19,2023-05-01,10398.392835592706,95683.22118908985,423.54147882504685,South
Store_19,2023-06-01,17556.020119929053,93878.87525406048,218.18070002299208,South
Store_19,2023-07-01,12438.249554014248,46129.302649913465,306.2768271483794,West
Store_19,2023-08-01,13821.927075567746,51617.58663169186,494.49466850312126,East
Store_19,2023-09-01,10354.879429811152,52546.61632219094,95.53722706154582,South
Store_19,2023-10-01,10174.722755244018,48142.02950224099,190.9516499968705,West
Store_19,2023-11-01,17124.55428393693,39018.28526905276,195.74453822687624,South
Store_19,2023-12-01,14250.184540023853,34255.405566591566,458.0143012357328,West
Store_19,2024-01-01,18440.5574135878,39349.53844819157,410.7491247934225,North
Store_19,2024-02-01,8303.287465092453,96289.360925409,150.88530665751438,West
Store_19,2024-03-01,10365.901012493978,88208.48695541546,365.5617041689048,East
Store_19,2024-04-01,17425.791318106276,97991.46714197646,99.99963193857668,West
Store_19,2024-05-01,14675.316582028465,72849.83078811005,181.77051817945625,East
Store_19,2024-06-01,11137.505320985114,41537.95488552462,345.92536322481584,North
Store_19,2024-07-01,15572.546184126,54026.35586864305,172.6690645998779,East
Store_19,2024-08-01,9439.279684836694,77236.32183294151,228.34807636488804,East
Store_19,2024-09-01,15004.244755241964,77013.29653739769,403.4875070509418,East
Store_19,2024-10-01,11277.784781895089,76359.79004739359,116.01929397901792,East
Store_19,2024-11-01,8023.895575598751,87461.31430270436,292.4427732716818,West
Store_19,2024-12-01,17493.31947836799,54026.35586864305,294.02097065776934,North
Store_20,2023-01-01,17162.001500881208,40928.07600316647,371.8233899846495,South
Store_20,2023-02-01,18961.37302855216,62479.61262473808,156.89691493690086,South
Store_20,2023-03-01,11475.11571333064,62069.04382204497,199.67713500997056,East
Store_20,2023-04-01,18333.50603934542,79881.7550792578,137.45549819452182,North
Store_20,2023-05-01,19417.06080173412,46569.9373166813,259.25532490196986,East
Store_20,2023-06-01,13130.800460370196,72571.02722568205,424.9683231983614,West
Store_20,2023-07-01,11350.792415714584,57451.32117812628,464.5845183653215,South
Store_20,2023-08-01,13749.380256466688,63840.84390863556,397.8020614053849,East
Store_20,2023-09-01,19158.63357837096,36447.99703645726,76.39763307493794,East
Store_20,2023-10-01,5231.712481981102,79111.09327718083,70.51060168085611,West
Store_20,2023-11-01,8311.706016598902,84426.07069658152,430.5848977247926,East
Store_20,2023-12-01,10479.30872421871,30751.05618104995,304.76732583712925,West
Store_20,2024-01-01,19532.745616657587,94995.81256451237,69.83193715514716,East
Store_20,2024-02-01,8360.160382415499,96712.28667354716,403.1252027989594,South
Store_20,2024-03-01,18259.610613626923,36432.07913209862,256.1642037162441,North
Store_20,2024-04-01,7338.111565073787,97642.5616948865,113.54699036680046,West
Store_20,2024-05-01,5662.802495979412,76401.88600203505,226.20815114919412,East
Store_20,2024-06-01,5488.942167353569,38959.18464949416,448.1135174967301,East
Store_20,2024-07-01,9319.907797235468,87556.21121962089,267.65754018466043,East
Store_20,2024-08-01,6017.112848030139,56445.47954560185,74.86661792673262,East
Store_20,2024-09-01,19093.32755573048,43098.83076549416,58.39496508478467,North
Store_20,2024-10-01,18923.24971392093,76518.04150232064,126.71534026861366,West
Store_20,2024-11-01,8843.809637043007,98340.07246355612,249.87492171935955,North
Store_20,2024-12-01,18892.9518830474,78726.21969834619,463.3215238342271,South
Store_21,2023-01-01,7263.713646759046,49259.112110400776,350.83994993774274,West
Store_21,2023-02-01,6900.346831672496,55573.35901310081,464.861304120195,East
Store_21,2023-03-01,7324.241322813786,81647.27764397547,276.7705144335314,West
Store_21,2023-04-01,16591.562318257522,64263.67906612706,214.34494158854284,North
Store_21,2023-05-01,13160.074254852076,38107.5880390668,108.53815860018364,North
Store_21,2023-06-01,6495.4876633225485,98718.48033835489,433.5604767800717,North
Store_21,2023-07-01,8159.841760326743,71482.20106387165,374.066364738177,East
Store_21,2023-08-01,14372.393757364882,45706.07294566069,122.19960716713238,South
Store_21,2023-09-01,13599.447807946695,42975.38104199604,118.01332992090408,West
Store_21,2023-10-01,11226.319053681103,46095.67074088981,290.83112576675575,South
Store_21,2023-11-01,5477.45905799653,81243.47134872811,243.41262805827088,West
Store_21,2023-12-01,8986.116554446362,57287.75473062361,73.04627235175285,East
Store_21,2024-01-01,14094.835709015118,69499.2592733146,339.49617970436464,East
Store_21,2024-02-01,13928.869445548222,30150.870047301443,340.3136238919785,North
Store_21,2024-03-01,17479.736385156437,87198.16379215536,309.0274062757605,South
Store_21,2024-04-01,16653.847580419904,97611.27695517022,128.6012636215325,East
Store_21,2024-05-01,17146.89223858899,45226.53622008544,398.0499971808197,South
Store_21,2024-06-01,13325.797921641397,35353.16588474828,343.8990520773035,North
Store_21,2024-07-01,5848.436888366726,60770.61723487367,71.59587580021,North
Store_21,2024-08-01,9205.940308024929,69501.66090502145,161.06130149842386,South
Store_21,2024-09-01,8470.55719243814,49296.01141308123,361.1148230967736,East
Store_21,2024-10-01,18456.14591562744,85255.91161354774,424.25364093000746,North
Store_21,2024-11-01,5617.149734869201,38209.23962918176,453.6817322941749,South
Store_21,2024-12-01,18822.793644540103,83794.93024599842,319.7640692040011,North
Store_22,2023-01-01,10360.41356613011,94485.71535589862,456.4295920869669,East
Store_22,2023-02-01,6432.463647842449,47608.8415761393,444.2736182601034,North
Store_22,2023-03-01,6416.640281587652,84006.39038040559,467.2010072785143,South
Store_22,2023-04-01,7210.953644404242,64793.98848924171,197.6339059943877,East
Store_22,2023-05-01,8007.509859577604,56135.271039726125,371.1892519541939,South
Store_22,2023-06-01,17940.97453999333,81011.20183736898,470.581031036179,South
Store_22,2023-07-01,12628.097102311896,83790.50359425026,415.0542656476299,East
Store_22,2023-08-01,10197.297031356757,32303.846744384136,340.91830732941486,South
Store_22,2023-09-01,6669.912573561887,81759.48583472203,327.4749702269055,West
Store_22,2023-10-01,15714.682412547892,38387.68867376466,134.23896582654174,West
Store_22,2023-11-01,7446.430657216135,97113.77942137944,215.4180477248196,East
Store_22,2023-12-01,6556.550140010605,69205.02198858304,143.36182123261926,North
Store_22,2024-01-01,13034.554459143112,91307.83872786693,56.30491657920672,South
Store_22,2024-02-01,5171.956831639618,36110.15505821838,412.5199654649234,North
Store_22,2024-03-01,9579.438804283598,33678.64665256548,56.2166597156055,South
Store_22,2024-04-01,12346.45693031134,75356.83223374395,439.4427687959927,West
Store_22,2024-05-01,11967.433494751936,66190.30001218227,367.5600185124877,East
Store_22,2024-06-01,15833.20807694282,97777.68360190546,116.03836334889344,North
Store_22,2024-07-01,13696.309937992222,68673.22827728008,191.21934150160803,West
Store_22,2024-08-01,11702.153079538411,50512.90717092571,194.1906913381344,North
Store_22,2024-09-01,15773.485821298482,90244.02537752729,120.68164192185452,West
Store_22,2024-10-01,7845.56030220339,33467.44570622259,186.52040237331005,West
Store_22,2024-11-01,9165.034355768696,47822.773194868016,217.5545366302839,North
Store_22,2024-12-01,9925.379978415822,80403.04221723156,294.7302554467975,West
Store_23,2023-01-01,9994.359774055243,54083.07645031788,336.7652872989105,North
Store_23,2023-02-01,6771.031015518089,44074.19956510478,219.9291589175098,North
Store_23,2023-03-01,19906.185160690467,96184.41192852802,208.4164493711803,East
Store_23,2023-04-01,18984.417851531143,85970.75460275827,491.4798404753736,North
Store_23,2023-05-01,12860.573152973408,51494.53841606979,261.1895176475673,South
Store_23,2023-06-01,7036.659681541715,61258.67622759675,436.6675483578846,West
Store_23,2023-07-01,12343.993866999575,41022.43013935391,435.0323151639856,North
Store_23,2023-08-01,14052.897007288737,95888.27636994576,167.71322827168302,East
Store_23,2023-09-01,11191.268152862209,52777.49264862946,302.64542747937026,South
Store_23,2023-10-01,11059.215175087018,99814.4746962382,336.4617706210991,North
Store_23,2023-11-01,16857.100391816733,66521.85236065077,240.77139994600165,West
Store_23,2023-12-01,13851.830871904776,69625.87024837661,309.4401653688039,West
Store_23,2024-01-01,19517.622724115747,74286.33021265398,361.2605354135973,East
Store_23,2024-02-01,15947.906669129175,75492.38531229005,199.85031728891988,East
Store_23,2024-03-01,11428.127531968696,68308.5601790109,344.1728340202991,North
Store_23,2024-04-01,13043.493603466472,74964.63882012382,193.34668903707535,East
Store_23,2024-05-01,5472.679346405176,48063.28169057972,451.6218409175625,East
Store_23,2024-06-01,16485.546274863824,46722.995146449975,136.28308790302057,South
Store_23,2024-07-01,11384.40212857728,66991.25010964522,491.5774559284174,North
Store_23,2024-08-01,6576.710713181852,57612.160080532616,183.40968876152996,East
Store_23,2024-09-01,13203.72045194584,70420.99294130201,301.8495759685578,East
Store_23,2024-10-01,11598.365236601036,93697.55487720232,85.32037781209978,South
Store_23,2024-11-01,16975.299727696143,68308.5601790109,244.43311527707817,East
Store_23,2024-12-01,10884.53134082094,88712.15046422473,265.65887579849505,West
Store_24,2023-01-01,17369.571577283677,70696.29896417467,396.9880857592712,North
Store_24,2023-02-01,5208.448096195694,31887.481243495204,50.08431864215581,East
Store_24,2023-03-01,8301.785886257605,83541.98515701342,236.52113421072096,North
Store_24,2023-04-01,9117.861200947464,41246.524395105,439.7686263912968,West
Store_24,2023-05-01,13603.241305649768,66363.49092794911,444.51401025817137,South
Store_24,2023-06-01,16409.232072444047,79181.79790712394,308.9537630306491,North
Store_24,2023-07-01,18364.912348466158,46936.49378057042,368.7507093275306,East
Store_24,2023-08-01,15592.710371543068,74089.96846335348,148.68347646527218,West
Store_24,2023-09-01,11416.064263458164,66363.49092794911,188.34337756871597,West
Store_24,2023-10-01,16707.544645705522,78937.7985822228,229.8155668447262,North
Store_24,2023-11-01,11247.93202261659,66765.48105927047,309.99876867495794,East
Store_24,2023-12-01,15560.941301496889,38624.17304642711,308.5758329408453,East
Store_24,2024-01-01,15015.247154659606,54721.32720575564,410.68132190411376,South
Store_24,2024-02-01,16461.703963023938,75679.53721122972,76.4741496053298,East
Store_24,2024-03-01,15053.940621462598,62512.4751188111,481.5767931694129,West
Store_24,2024-04-01,19056.469775376503,93120.89815481009,276.6580808706557,North
Store_24,2024-05-01,5956.102619471319,32681.33850819749,139.827380607414,North
Store_24,2024-06-01,6679.686465377187,66363.49092794911,410.11481812791885,North
Store_24,2024-07-01,15184.975047398722,75170.96992069448,372.6706084128526,North
Store_24,2024-08-01,14959.43216570648,66363.49092794911,155.7195521440199,East
Store_24,2024-09-01,17132.310296452684,33354.31106250888,485.15433130579424,East
Store_24,2024-10-01,16516.30537507229,89072.25141632208,135.18487032295127,North
Store_24,2024-11-01,6900.297477451001,62314.06877086353,458.9979845776145,South
Store_24,2024-12-01,18334.861749714462,48715.14063194396,365.4240396140247,North
Store_25,2023-01-01,17939.73554594007,76893.93094266164,406.25427637514736,East
Store_25,2023-02-01,9743.546291633244,49592.87132356669,331.2626929539323,East
Store_25,2023-03-01,11737.879345494322,63444.53183798166,95.72846665001272,South
Store_25,2023-04-01,10222.059007639404,68838.01567503733,332.02940322227164,South
Store_25,2023-05-01,11752.41780860432,70826.00529877514,198.13433793244505,South
Store_25,2023-06-01,12654.278850017654,43890.273868127,86.274007458315,North
Store_25,2023-07-01,19871.79597715607,62832.6889219425,163.2445015893373,South
Store_25,2023-08-01,19295.356025302062,63069.538361663486,442.98303774373215,North
Store_25,2023-09-01,9969.401155647029,62595.83948222151,203.8024134701328,North
Store_25,2023-10-01,18575.68229506337,32280.554756129364,480.00185481416895,North
Store_25,2023-11-01,5505.083830556726,51297.321016061,146.98166999747934,South
Store_25,2023-12-01,5045.107706418504,39168.05168156469,208.59921978194612,East
Store_25,2024-01-01,15814.573620722564,89205.39306690579,296.7913148826134,East
Store_25,2024-02-01,19485.444351356084,56757.16143900775,164.98734694392175,North
Store_25,2024-03-01,7211.000537471698,60445.88133640954,430.0919735074288,South
Store_25,2024-04-01,16542.412000523356,38192.21377091292,499.8683252291774,East
Store_25,2024-05-01,18387.37695464423,58292.70065045312,300.65696150582033,West
Store_25,2024-06-01,9408.675877837028,77296.47969429367,487.7190856222322,East
Store_25,2024-07-01,7698.36424877341,77147.03700728598,455.74178392520486,East
Store_25,2024-08-01,6062.044781223467,62832.6889219425,461.10355704587056,South
Store_25,2024-09-01,12066.02994869461,65638.53139865612,440.6952843688776,East
Store_25,2024-10-01,16651.92298244654,77893.69022112059,391.4257576798437,North
Store_25,2024-11-01,14586.790290035837,90853.80363882676,100.5203053280139,East
Store_25,2024-12-01,14288.924846455908,33090.60603296205,192.62376372468012,East
Store_26,2023-01-01,13261.53910433233,50543.66594217766,295.19900616195935,West
Store_26,2023-02-01,14033.287007953384,41223.81805293064,190.4165855714356,North
Store_26,2023-03-01,10553.151558299734,51133.1608694332,189.14648145025032,South
Store_26,2023-04-01,11856.389971969724,86969.87169825041,465.46387430293953,East
Store_26,2023-05-01,18627.03155657876,91005.73337418812,105.88555628355618,West
Store_26,2023-06-01,9726.489653947028,63065.666616430106,364.3869464325334,South
Store_26,2023-07-01,6242.994937103697,80075.85466290083,72.69991012078292,West
Store_26,2023-08-01,14834.253221358294,37365.53804803464,306.5991108020456,West
Store_26,2023-09-01,7035.252720240706,59976.30304521918,434.4509687855274,South
Store_26,2023-10-01,11235.08440329723,58604.61219947408,167.54207941336534,South
Store_26,2023-11-01,13992.468266052609,88217.06866810075,51.36059705924741,East
Store_26,2023-12-01,9063.167838302874,89590.0815153213,105.31409867201307,North
Store_26,2024-01-01,19862.409841885372,58604.61219947408,64.60068791530244,North
Store_26,2024-02-01,11484.509207865518,59289.75714052036,321.05652348704035,South
Store_26,2024-03-01,16451.02800833162,56994.46410456355,338.4709532190562,North
Store_26,2024-04-01,7951.073803846624,55637.17976203443,134.0045150191217,North
Store_26,2024-05-01,15460.204247581258,35151.72773766748,490.1476672244031,West
Store_26,2024-06-01,12100.59143137601,39634.45497142308,50.30823599327959,West
Store_26,2024-07-01,19384.26528164776,82666.15285347594,451.1300378685805,North
Store_26,2024-08-01,10435.66970153692,58127.09062663835,174.5254805736837,West
Store_26,2024-09-01,9852.425330419552,51947.70668737812,52.2410898907321,South
Store_26,2024-10-01,18465.8905534133,45749.22867384886,413.3421602436795,North
Store_26,2024-11-01,15307.778285799062,60332.24885382813,106.11258082012074,North
Store_26,2024-12-01,15885.708202604668,59082.13377230982,76.85721404467063,North
Store_27,2023-01-01,11037.467684177029,98389.18312815703,299.0530041987901,West
Store_27,2023-02-01,9533.095364218532,96951.08357360674,392.5690100723687,South
Store_27,2023-03-01,13306.527424408368,71148.46113046443,242.57226840785324,South
Store_27,2023-04-01,6939.026145282948,57996.12062950578,239.84915234685792,East
Store_27,2023-05-01,12640.667545102056,56556.200060889474,90.90791966843236,South
Store_27,2023-06-01,10983.357695715313,30514.38736779784,226.81796351441145,East
Store_27,2023-07-01,13507.470530976172,97439.6425922284,369.3655092661099,South
Store_27,2023-08-01,12483.82958922474,96090.42137465018,93.13341379894568,North
Store_27,2023-09-01,11174.787903464348,72564.00224702402,387.7626032278053,West
Store_27,2023-10-01,18345.1734214098,83399.34348156895,487.03341553607686,West
Store_27,2023-11-01,12468.56747504609,76968.29001343434,343.0762863709374,East
Store_27,2023-12-01,16911.269503536052,99008.22501310808,102.22830205267664,West
Store_27,2024-01-01,13798.76023320002,69280.30280398722,271.2760770614509,North
Store_27,2024-02-01,9611.101309074224,73010.95172064751,437.5268816747252,East
Store_27,2024-03-01,9968.03109839516,46762.71257810949,401.0382052879488,East
Store_27,2024-04-01,13084.279340729365,49665.274934586094,241.63136812922053,North
Store_27,2024-05-01,17220.319567667495,31075.665698507182,247.5970767704353,West
Store_27,2024-06-01,17067.43121857974,54918.65961482367,158.24806857888473,West
Store_27,2024-07-01,9629.265553059971,74905.7087124357,92.95974707679434,North
Store_27,2024-08-01,14242.911954798104,56349.06357643644,270.95096986895345,North
Store_27,2024-09-01,14874.016115241157,47500.98328042148,428.1502687617537,West
Store_27,2024-10-01,13450.640389602202,74265.29502793023,276.5207023854625,East
Store_27,2024-11-01,13679.72643907134,60873.57278591092,268.85244458123253,South
Store_27,2024-12-01,18448.06012178732,62768.66678939591,99.86420018036706,West
Store_28,2023-01-01,7260.707162668472,33513.1229638643,341.7714213036299,East
Store_28,2023-02-01,17670.134139639966,69551.43928921442,319.30292110425563,South
Store_28,2023-03-01,10707.739568707326,61748.09420516842,242.67387599537395,South
Store_28,2023-04-01,12724.217432380165,34632.24600050853,368.6352607491001,North
Store_28,2023-05-01,15774.55504073436,73669.94885299506,352.86630678994374,North
Store_28,2023-06-01,16488.23186520736,89167.90361806554,156.4031993241282,South
Store_28,2023-07-01,16030.496251768813,36345.27826585696,192.685758654215,West
Store_28,2023-08-01,5574.02745119646,96637.81186731507,481.9777017622822,East
Store_28,2023-09-01,15824.90155073188,41844.91215283575,203.6414323691918,North
Store_28,2023-10-01,11236.051729152654,97283.4470631694,434.3099440991658,East
Store_28,2023-11-01,6020.913365262868,87963.79642280238,463.01061792023376,North
Store_28,2023-12-01,6710.3777512369625,71149.91464237974,282.3290502243421,East
Store_28,2024-01-01,12587.555731585326,89020.98652292369,260.20341701486245,East
Store_28,2024-02-01,5325.70121104053,75255.74240817034,326.48680855737086,South
Store_28,2024-03-01,10394.777808216675,41907.06448947319,329.97532242241454,South
Store_28,2024-04-01,7172.220096504423,74234.63327761812,429.6283726352376,South
Store_28,2024-05-01,11269.889811479949,45995.76843354445,147.53253459337424,North
Store_28,2024-06-01,19281.59869967098,53001.09211234823,263.09704482987854,North
Store_28,2024-07-01,8425.955233056759,80112.83642778816,240.0865056596844,East
Store_28,2024-08-01,17799.395687216616,94089.72015068732,459.6830005248133,West
Store_28,2024-09-01,8446.177516458727,30359.71325081625,435.606669589905,East
Store_28,2024-10-01,17829.961537638592,67693.41967746356,409.8482117200588,West
Store_28,2024-11-01,12587.24822221815,74462.41276951687,101.4257801585145,West
Store_28,2024-12-01,14519.607254762455,95195.8340976936,400.9369334839837,West
Store_29,2023-01-01,10894.533518702265,71143.61621145453,150.1133284724043,East
Store_29,2023-02-01,9157.367282485971,63824.377107781314,364.6799581135608,North
Store_29,2023-03-01,5823.126905466683,49897.58781086076,142.08967290854366,West
Store_29,2023-04-01,19965.84420374706,74202.25594351112,53.27192476855588,West
Store_29,2023-05-01,18681.832770808734,66297.31051877164,151.79076009031394,East
Store_29,2023-06-01,8907.799531822275,72445.04709909519,358.0722584273664,North
Store_29,2023-07-01,12360.754041295851,57200.05459189682,421.2101936224735,West
Store_29,2023-08-01,12912.441517328709,95997.84412651918,297.8394806361757,North
Store_29,2023-09-01,11173.616854845666,35091.02707044849,420.16614386661234,North
Store_29,2023-10-01,5657.890616374521,52148.45019274897,300.62016035916986,West
Store_29,2023-11-01,16273.3898498368,30772.7799080528,183.01245927007955,South
Store_29,2023-12-01,9304.416616194016,43399.7537843179,228.96922353232944,South
Store_29,2024-01-01,5461.035087781924,73029.4571964168,111.68130016303274,South
Store_29,2024-02-01,7302.345020048668,63726.831208257565,430.8431245468539,North
Store_29,2024-03-01,6207.154192434966,76813.65311896252,449.8479073970285,West
Store_29,2024-04-01,6114.917823672339,33904.12611394906,242.5932280211308,East
Store_29,2024-05-01,11889.58406685114,60850.63736785529,151.14109900880948,North
Store_29,2024-06-01,12107.920554245487,52882.07227110493,423.62392537440735,West
Store_29,2024-07-01,8985.002620781264,75434.29678595948,211.17249936997237,North
Store_29,2024-08-01,12588.947272217882,52333.669681686006,267.3335343087788,West
Store_29,2024-09-01,7311.919590021524,74261.53781610329,142.55403436270606,South
Store_29,2024-10-01,5520.417941114288,73335.98970145061,70.97182866237935,East
Store_29,2024-11-01,19728.97579754515,87764.62690357499,336.32437161274044,South
Store_29,2024-12-01,5228.128572279156,48924.92125801809,75.4803754753087,West
Store_30,2023-01-01,10280.243413803995,84216.73681141183,344.5186385696775,West
Store_30,2023-02-01,16744.726285513338,58671.31763294233,326.55016169467086,North
Store_30,2023-03-01,13525.74506361415,65115.89496573972,159.4114797065335,North
Store_30,2023-04-01,6047.91011992112,35811.52922399095,430.0362564044751,South
Store_30,2023-05-01,14944.505957902378,73591.057870069,339.17352855509944,West
Store_30,2023-06-01,11502.074281299054,97286.53358074308,309.46521766311594,East
Store_30,2023-07-01,16054.88606074016,81801.43734863115,92.35400341561258,North
Store_30,2023-08-01,13659.648213158873,60176.87990121969,129.4059217468075,South
Store_30,2023-09-01,16363.598877644625,57894.38647575118,364.69703807147306,East
Store_30,2023-10-01,14657.125984950788,55208.84836839591,408.4255254005293,North
Store_30,2023-11-01,19675.106775647237,53649.38471080119,63.09280004799629,South
Store_30,2023-12-01,17739.096333167643,76099.67326840071,461.4212623605271,West
Store_30,2024-01-01,8508.505722627398,53239.63620192437,352.1294585204678,East
Store_30,2024-02-01,7678.004637679533,71393.6762236602,413.41921132563454,South
Store_30,2024-03-01,15386.016830532864,79933.08521859377,423.59643369435,East
Store_30,2024-04-01,9723.750653882851,66333.11697473339,204.4278118932573,East
Store_30,2024-05-01,12976.306269019393,88185.32988087463,289.8213369580624,East
Store_30,2024-06-01,19220.044115319484,48953.56015742186,472.1894367467153,North
Store_30,2024-07-01,7062.111771110546,47496.50008046934,270.94711723385103,South
Store_30,2024-08-01,10420.510019767258,89884.82686170115,56.6205773153219,West
Store_30,2024-09-01,17156.45239740741,54566.68526148365,293.41710237911946,East
Store_30,2024-10-01,17279.488890265406,64866.18600659037,91.0789362482615,North
Store_30,2024-11-01,7062.256452131409,99052.01165311958,276.28792924612105,East
Store_30,2024-12-01,15482.979587448746,34588.568515589155,124.88617357516291,North
Store_31,2023-01-01,7905.482631085519,98232.8978141398,81.45365117803127,North
Store_31,2023-02-01,15833.88074496049,45450.64977223168,256.1626007989454,North
Store_31,2023-03-01,15814.593975936796,67697.22054701793,285.59832225292166,South
Store_31,2023-04-01,18862.71638684864,61777.26807185484,487.16182591316834,North
Store_31,2023-05-01,12174.667127148996,49464.67575999972,207.8621320121729,North
Store_31,2023-06-01,5304.056252749785,38505.9032752245,232.370674304958,South
Store_31,2023-07-01,17770.209434677065,78534.89414440311,302.38274510513145,South
Store_31,2023-08-01,14097.229721551144,37880.23285394121,195.62521694964204,East
Store_31,2023-09-01,17678.462743049786,32072.21928124526,334.1975264225138,North
Store_31,2023-10-01,14584.704224659328,84976.28255262521,335.2998136829797,North
Store_31,2023-11-01,19779.630650599072,67939.95864045201,393.2699738564398,South
Store_31,2023-12-01,17998.380932876753,45609.69996520221,469.4756027241687,West
Store_31,2024-01-01,7482.4083556899695,65472.62934437523,417.8412737159557,West
Store_31,2024-02-01,5483.665503124745,97185.2858317114,369.61944801201,West
Store_31,2024-03-01,17718.142179389753,34929.18621709152,279.5778119748786,East
Store_31,2024-04-01,10560.505235113127,72418.70118817367,471.7237988708698,North
Store_31,2024-05-01,19375.96966271203,95218.70682461442,253.94984633856112,East
Store_31,2024-06-01,17795.83771007177,44319.36269711668,287.49692417475444,North
Store_31,2024-07-01,16017.523648331258,82266.98280235022,175.96718998326986,South
Store_31,2024-08-01,18396.555748297214,76056.86889746838,481.4331465027768,South
Store_31,2024-09-01,19357.13630206564,58332.06761956497,462.6065981118589,East
Store_31,2024-10-01,14837.724405298037,88099.72300859244,389.56313702449165,West
Store_31,2024-11-01,6243.11597430135,65923.18240768055,201.033330817407,North
Store_31,2024-12-01,19473.41992111884,31764.220301701083,132.3735435866629,North
Store_32,2023-01-01,11749.497650119993,54995.72945858043,459.7286996269448,East
Store_32,2023-02-01,8986.546317148752,72048.29831186694,89.6665727814456,North
Store_32,2023-03-01,16887.341020467087,90902.40332182671,85.7385658109029,North
Store_32,2023-04-01,12546.938755818588,54548.18513304286,455.02633742250015,East
Store_32,2023-05-01,17502.5518635661,79137.09525258804,213.54886692911464,North
Store_32,2023-06-01,13007.380055477151,78720.5053914655,495.3426018095351,East
Store_32,2023-07-01,7591.936387616722,93594.86680835312,206.27475983701711,West
Store_32,2023-08-01,18351.41198758317,79081.10278810374,134.33077577320142,South
Store_32,2023-09-01,15702.81199375875,60994.63930405785,215.18019788598437,West
Store_32,2023-10-01,10417.950114616604,59781.2689645505,456.432153659537,South
Store_32,2023-11-01,16066.300678605518,55653.59539252525,320.40427275818485,East
Store_32,2023-12-01,15123.38146178974,98173.19150274972,197.79201209716447,North
Store_32,2024-01-01,5782.637579979748,99909.54767738786,391.0719108143528,South
Store_32,2024-02-01,13137.253284864244,86150.45787536536,64.92465197802072,West
Store_32,2024-03-01,12209.017788148683,53998.48542347411,484.98696699545854,East
Store_32,2024-04-01,8542.213847898876,81322.99506547867,485.7479992882279,South
Store_32,2024-05-01,9710.157756735622,68327.39621811533,417.23093394370346,South
Store_32,2024-06-01,8018.923916533386,35610.17146293807,172.9896284667027,South
Store_32,2024-07-01,18525.159296427053,98686.15388677342,332.93873020352584,North
Store_32,2024-08-01,14216.004762139852,41886.04484308957,200.53185261678976,West
Store_32,2024-09-01,13116.582605785345,84286.63071539503,133.42023042800105,South
Store_32,2024-10-01,6187.0555644807855,89437.26482044237,132.99309391615404,North
Store_32,2024-11-01,11008.608273931368,49297.35240201222,251.99800531933056,South
Store_32,2024-12-01,7177.305185279343,65342.8575905784,116.35335534036352,North
Store_33,2023-01-01,5244.988744912709,62696.30424242788,145.9767697880493,North
Store_33,2023-02-01,5497.266644560009,71039.56710358387,410.3243788495169,East
Store_33,2023-03-01,13154.1295268484,80091.93207221614,276.90767176167265,South
Store_33,2023-04-01,11489.678230815698,43549.27502942529,100.55130137875663,North
Store_33,2023-05-01,18643.83482561157,90308.63315096972,130.40733277353922,North
Store_33,2023-06-01,9241.828153734064,61504.92212652421,374.5353196954864,South
Store_33,2023-07-01,17274.90387428148,63127.71865387206,207.7077947858921,West
Store_33,2023-08-01,18763.372820053817,93442.031142008,186.2097964858033,South
Store_33,2023-09-01,9055.32054213482,67609.45346463515,217.90975229209877,South
Store_33,2023-10-01,9971.48104075088,68254.12964615227,80.91372794130491,North
Store_33,2023-11-01,12701.487200841166,74701.92131573756,162.0903095849534,West
Store_33,2023-12-01,6407.4692738655285,38259.05804163187,387.4935933435438,East
Store_33,2024-01-01,10871.475437853904,39855.73413483695,366.5236194966748,South
Store_33,2024-02-01,5774.182514247604,35304.822881548505,393.5186053139045,North
Store_33,2024-03-01,17606.396301964836,91706.5210864803,379.23466793792255,South
Store_33,2024-04-01,15002.807187203416,70149.11600684634,386.3387810017721,North
Store_33,2024-05-01,8727.403248626757,92575.29711324212,387.8652923746861,East
Store_33,2024-06-01,7146.427483444187,84623.42574511131,458.8902826142647,North
Store_33,2024-07-01,12468.905850230763,47337.85158776288,119.29440180661024,East
Store_33,2024-08-01,10356.686648740571,60837.528410129344,229.01909450216945,South
Store_33,2024-09-01,5983.368740544165,93451.35697052142,95.20431544008594,East
Store_33,2024-10-01,10004.412265987448,70226.91516356403,246.00702128758272,North
Store_33,2024-11-01,14061.468626207245,58955.27769107763,154.57791269328663,South
Store_33,2024-12-01,6516.370864577582,94315.81681803004,359.6945443767289,West
Store_34,2023-01-01,7736.559383907303,83422.50472009229,82.92881711936082,West
Store_34,2023-02-01,11686.27974709568,91175.22670711638,50.033278316493416,West
Store_34,2023-03-01,16960.09725740677,46365.73906410757,104.27771200450508,East
Store_34,2023-04-01,16910.558387357825,52807.17200985683,238.8496678197581,East
Store_34,2023-05-01,9508.26458558413,70891.63982369268,114.80123103083278,East
Store_34,2023-06-01,19667.68138410972,71944.60906607937,292.73642863126315,East
Store_34,2023-07-01,6648.94323354582,46720.20872097669,289.4014753162875,North
Store_34,2023-08-01,11185.119947462024,56636.90703117989,144.39645229764264,West
Store_34,2023-09-01,10320.80992034432,78561.51750489108,102.76215670028868,East
Store_34,2023-10-01,19146.43322535889,45528.18243258815,314.9883284194949,West
Store_34,2023-11-01,8445.85344502753,40361.6179115416,354.1343863741598,South
Store_34,2023-12-01,6155.191449052859,46802.890008821305,227.93348647726967,West
Store_34,2024-01-01,13894.488877741804,87468.27983422915,369.7987290049884,East
Store_34,2024-02-01,8669.417859276611,51250.63558446153,386.05912292873154,West
Store_34,2024-03-01,19488.06979511476,67303.33048948953,75.258710155026,West
Store_34,2024-04-01,9027.618332770717,49785.12584632376,347.987741855402,North
Store_34,2024-05-01,12989.50811513145,31621.168920315577,88.77292171888877,West
Store_34,2024-06-01,6012.822131370735,78087.94355223651,183.34562589922533,South
Store_34,2024-07-01,8785.659660314133,93479.47738544818,123.60931451317308,South
Store_34,2024-08-01,7916.0964137489245,49248.72484538807,267.6602214170013,East
Store_34,2024-09-01,10039.65806982715,45117.26971425165,387.7066789980745,North
Store_34,2024-10-01,17977.557114044288,87585.98778183872,99.44777096278206,North
Store_34,2024-11-01,18910.14914103264,63075.31309100692,324.9163947393608,North
Store_34,2024-12-01,8081.190454485166,68367.93839670104,92.99262304928672,North
Store_35,2023-01-01,15641.467900148971,59352.400819506656,96.2510545929549,East
Store_35,2023-02-01,14456.412942298046,94669.05071816244,67.61843671233166,East
Store_35,2023-03-01,7295.680907279342,85156.74014864869,253.37106040488683,South
Store_35,2023-04-01,10222.632742242804,75960.42490986621,253.5584178588861,North
Store_35,2023-05-01,13110.080463702148,82339.90823413839,375.2052002430257,North
Store_35,2023-06-01,13361.67001286414,54454.78558035659,147.96922824717564,East
Store_35,2023-07-01,10905.846188346515,39381.1837219835,449.0201781510129,East
Store_35,2023-08-01,18621.703157929987,84866.22835333216,442.04236893577297,East
Store_35,2023-09-01,8237.867764252462,62794.070662425846,361.0615725771085,North
Store_35,2023-10-01,13957.425932848317,66419.03754597955,252.0338784868357,South
Store_35,2023-11-01,7955.130641522128,83026.4418136568,175.6884716808466,West
Store_35,2023-12-01,9501.161899770708,31228.312039917422,74.96709447088037,South
Store_35,2024-01-01,11113.860112513585,80227.22126180207,316.1617432833583,South
Store_35,2024-02-01,11973.596189658816,67935.56103776862,445.4845831146406,North
Store_35,2024-03-01,5028.950553408582,44168.37608796701,102.23888592300632,North
Store_35,2024-04-01,9592.245659547878,83919.7593841865,229.6348362344088,South
Store_35,2024-05-01,11552.576943435102,87364.62922337385,286.4274200638331,East
Store_35,2024-06-01,11162.422404187,40680.74267036517,96.64647880453924,South
Store_35,2024-07-01,18203.39770017246,89623.46583277982,380.4031962097339,East
Store_35,2024-08-01,16572.725725204727,95278.61621124228,275.7280271331464,East
Store_35,2024-09-01,9013.727865037565,57722.58210920137,328.87531073442045,South
Store_35,2024-10-01,16257.609452758528,72663.00608793224,172.74108923829525,West
Store_35,2024-11-01,15847.92083579791,75960.42490986621,430.1750238194458,South
Store_35,2024-12-01,7382.53713397983,84304.14528246675,465.8485498311702,East
Store_36,2023-01-01,10927.224311802078,47241.74817514043,328.1128855239954,West
Store_36,2023-02-01,19181.162961853606,95497.45313665069,197.92249189794305,North
Store_36,2023-03-01,10288.089445267096,76697.70347450525,159.60089070088668,West
Store_36,2023-04-01,7751.302104725373,47079.447181276686,401.1997715048482,North
Store_36,2023-05-01,6377.3418274455325,34606.65676758218,273.715762889478,South
Store_36,2023-06-01,8101.869650893301,52477.59544846715,449.419424324132,East
Store_36,2023-07-01,6333.638929917736,89516.47462973723,122.62045166621766,West
Store_36,2023-08-01,12999.086802479274,94772.03504159627,82.8243463832389,West
Store_36,2023-09-01,14408.339686226094,44650.740240588144,464.3634510438307,North
Store_36,2023-10-01,11606.837686781431,98768.38712787251,147.2907349686672,East
Store_36,2023-11-01,19459.01475181039,45406.06061048156,131.64098274144567,West
Store_36,2023-12-01,18975.143047124257,97790.4763808126,205.6575807683969,West
Store_36,2024-01-01,16266.625004387335,77480.06879785776,164.58154733802598,East
Store_36,2024-02-01,12819.245537800767,50701.12077436951,246.54457441650203,East
Store_36,2024-03-01,19537.65533763328,54741.33965071676,320.23363607846613,North
Store_36,2024-04-01,8203.393215162345,62907.35884304757,485.6124098355429,East
Store_36,2024-05-01,10231.472852338706,75866.95604792694,152.53953465254048,North
Store_36,2024-06-01,7647.163614236993,43201.09104030508,364.1477757254367,North
Store_36,2024-07-01,9389.128387578998,69526.2505156043,86.82480092161701,West
Store_36,2024-08-01,6748.851292325623,40902.54237037189,245.1447525894183,East
Store_36,2024-09-01,19516.935282597115,68675.88439298976,456.6210424001712,East
Store_36,2024-10-01,17076.287086468616,97745.43692155766,241.0540898073808,West
Store_36,2024-11-01,15393.330952852592,68675.88439298976,416.4193206510098,West
Store_36,2024-12-01,9164.595990966434,92822.29997608902,383.43652602512816,East
Store_37,2023-01-01,14625.12065604986,79502.49131617094,120.57356952545253,East
Store_37,2023-02-01,17180.45289618781,72664.76792364122,71.32636561388159,South
Store_37,2023-03-01,10215.015938647342,58718.53796750942,92.79524099389413,North
Store_37,2023-04-01,6542.947129095824,96871.65213707284,151.6601172107307,East
Store_37,2023-05-01,15258.92202063594,68438.94482649023,96.29688937520488,South
Store_37,2023-06-01,18419.775928295225,66780.51572561335,415.6119198607797,East
Store_37,2023-07-01,15992.102884001357,66780.51572561335,428.9726864492501,West
Store_37,2023-08-01,12663.164033348445,81972.97107339626,460.9121177078519,East
Store_37,2023-09-01,16929.06010810585,36830.89975059149,418.4886852400838,North
Store_37,2023-10-01,18900.55533135212,70633.21025042489,69.89368869934918,North
Store_37,2023-11-01,17581.991058974258,80806.61044386105,315.5953217307782,North
Store_37,2023-12-01,14735.95271445163,59758.9845377874,99.981690202287,West
Store_37,2024-01-01,16562.90479317509,95769.68734451925,73.34991289790636,North
Store_37,2024-02-01,11306.671720116565,71465.13520760494,283.3163104894658,West
Store_37,2024-03-01,16390.382566551387,49044.76917233513,383.61816626791466,West
Store_37,2024-04-01,17359.918719351164,87091.56846182077,268.1783951637111,South
Store_37,2024-05-01,13086.149888894211,90881.97739007523,295.38183650265114,North
Store_37,2024-06-01,12865.472158575976,65068.43875397312,240.9048984762073,North
Store_37,2024-07-01,6672.033926112813,45467.92440310598,148.03456628645387,North
Store_37,2024-08-01,19175.01345408169,37880.26753850008,249.9475160961576,West
Store_37,2024-09-01,16240.462072571798,66640.84940177893,69.85516662563477,South
Store_37,2024-10-01,6541.067617220381,33999.76032980113,210.8198172253665,South
Store_37,2024-11-01,17666.422738366513,45983.84853579784,446.7755791139389,East
Store_37,2024-12-01,14395.920257215685,57927.119645492,245.22764477006356,North
Store_38,2023-01-01,15585.412054277567,74315.65336797349,384.9420575476511,South
Store_38,2023-02-01,11366.86845350479,66359.05604763137,192.754032585656,South
Store_38,2023-03-01,14082.476675647707,79120.39906787509,332.204615079134,West
Store_38,2023-04-01,12268.815811865645,94718.13221820572,218.88498977618403,North
Store_38,2023-05-01,12693.604940198344,59768.181920759256,372.09945164762007,West
Store_38,2023-06-01,11077.731054782194,54132.91869107359,277.6993988259644,South
Store_38,2023-07-01,13798.875050546509,54887.21036156156,278.17131862630845,North
Store_38,2023-08-01,18201.00596617935,80334.16881884867,436.1258060297302,East
Store_38,2023-09-01,12083.435096711217,41919.25087678345,470.4870642933243,North
Store_38,2023-10-01,16988.620933796723,86624.01352330815,484.8092359602157,East
Store_38,2023-11-01,9956.969017106048,44127.03581789347,205.0428456380471,South
Store_38,2023-12-01,16387.457308533012,30638.48670955344,361.9654950093669,North
Store_38,2024-01-01,17576.79968925257,91913.57559803245,360.3845760097564,North
Store_38,2024-02-01,16472.78840486824,37985.86988857485,169.88794745922436,North
Store_38,2024-03-01,8610.342987961893,64429.96568602224,164.2887953772361,West
Store_38,2024-04-01,8231.688324104154,72180.67795480565,273.9535462648555,West
Store_38,2024-05-01,17449.199521349314,82822.79368683099,194.56432690348143,South
Store_38,2024-06-01,13200.393566297567,80970.7073067415,289.82563269251534,South
Store_38,2024-07-01,14764.135369672951,59687.0394175737,335.6089269311648,North
Store_38,2024-08-01,19016.05254295136,73460.92394931297,393.0449345272559,East
Store_38,2024-09-01,16621.33438860109,35511.34244192495,91.97397018266408,North
Store_38,2024-10-01,11681.398026286188,72180.67795480565,117.23101561253186,North
Store_38,2024-11-01,8840.939633015287,96290.76823692654,406.1388574153652,North
Store_38,2024-12-01,14535.43559930392,79136.72750669667,105.79519118896772,West
Store_39,2023-01-01,5082.894042198983,94415.58279081112,55.27042319759727,West
Store_39,2023-02-01,7016.153949427358,79351.8967913152,278.5239168183897,West
Store_39,2023-03-01,17542.042169832202,57259.19941793413,338.033605848438,South
Store_39,2023-04-01,10047.233082930034,96531.70728051417,66.68029718108954,West
Store_39,2023-05-01,7928.745416718544,57871.14324897321,476.5341417729061,South
Store_39,2023-06-01,14282.440017606108,57870.03972609709,242.71642931814355,South
Store_39,2023-07-01,5590.048954254512,96649.9003645894,289.3795991302587,South
Store_39,2023-08-01,16146.888911320551,85466.84815101864,112.79650652094617,North
Store_39,2023-09-01,5168.426306875305,95795.50836963725,474.1473454304325,West
Store_39,2023-10-01,9360.209594311134,80587.58144603667,328.6397178706072,West
Store_39,2023-11-01,5720.290020963477,40805.37578347436,148.85930803670925,East
Store_39,2023-12-01,11974.85682753547,72783.92914961377,336.7384399664371,East
Store_39,2024-01-01,5570.608255377962,59469.21783185129,200.12473991798663,West
Store_39,2024-02-01,5983.623110707464,64857.87702082234,58.21885995850609,West
Store_39,2024-03-01,15972.648873346214,69163.92517558904,338.1341470304632,East
Store_39,2024-04-01,19122.60099600321,54046.00053078453,305.3240875610414,North
Store_39,2024-05-01,12168.09567686883,57190.610006798655,426.9723327756634,North
Store_39,2024-06-01,14897.654815618796,73643.05434654292,64.93370528201974,West
Store_39,2024-07-01,19603.87544153788,36643.56609907857,194.93811326282488,East
Store_39,2024-08-01,11944.572973092949,80829.06919430284,133.18204817977485,East
Store_39,2024-09-01,6162.934281647319,77634.49534582953,498.481830701351,East
Store_39,2024-10-01,13802.706907795202,63529.493048783486,200.7145007241006,South
Store_39,2024-11-01,15448.1657717704,60630.44711115056,413.7767185037536,North
Store_39,2024-12-01,8852.728971128603,81721.86844942487,285.2250820081301,South
Store_40,2023-01-01,6017.081786303326,33579.05942202348,320.7196879932539,North
Store_40,2023-02-01,15911.272658014375,34611.83189470241,413.7963202704392,North
Store_40,2023-03-01,5689.907054058717,56927.26842630966,61.06178980221685,South
Store_40,2023-04-01,7485.341587142317,39076.76772586884,447.5325466022265,West
Store_40,2023-05-01,12552.610783817372,93177.45153531565,387.69413895101206,North
Store_40,2023-06-01,12873.373342810712,65195.797143994845,243.4557633795692,East
Store_40,2023-07-01,19764.67790322826,69323.26269748708,234.5969014572948,North
Store_40,2023-08-01,17927.335034948046,81505.47059909679,255.85477344656056,East
Store_40,2023-09-01,13247.438158544704,32954.811167629945,375.1214751005804,North
Store_40,2023-10-01,7691.028670524554,65751.45795614528,364.17568370695017,South
Store_40,2023-11-01,5244.983513627767,52946.78244494135,209.3511067597641,East
Store_40,2023-12-01,12312.89869398747,74172.9166936778,118.67125589955234,South
Store_40,2024-01-01,15731.255606593708,54523.89970684245,101.3361880680206,North
Store_40,2024-02-01,7210.744791737672,64640.1363318444,98.97636422359648,East
Store_40,2024-03-01,12724.987111377846,96427.45964191345,271.96183757141284,North
Store_40,2024-04-01,19339.21178018474,71950.11602331008,125.99136387752448,North
Store_40,2024-05-01,14736.18630090313,36249.56049393167,371.4287809057122,West
Store_40,2024-06-01,14963.830914687178,86019.12622141006,50.449503304157794,West
Store_40,2024-07-01,9726.117455788626,50751.317255169735,463.00387857791753,North
Store_40,2024-08-01,14237.950194636884,65195.797143994845,481.33643338443295,North
Store_40,2024-09-01,12624.185437884204,65842.48920271805,315.6589803018513,East
Store_40,2024-10-01,6258.430187800285,66759.47873688184,357.82374933453536,South
Store_40,2024-11-01,10174.528957379938,30092.24843681241,426.776391788904,East
Store_40,2024-12-01,16641.14548991894,79991.8059421,214.0486356618796,East
Store_41,2023-01-01,5692.538673583951,39357.15466589733,318.47852690996604,South
Store_41,2023-02-01,9472.502060416951,70931.2283678472,371.6478914340652,East
Store_41,2023-03-01,16223.393236172193,38503.60800554707,158.7136306899792,North
Store_41,2023-04-01,10266.00518890475,44299.62013372935,398.4160091035576,North
Store_41,2023-05-01,18351.913333406843,99811.07677070612,492.17625068200033,West
Store_41,2023-06-01,6380.140545727051,53902.53996759017,335.3498550682079,West
Store_41,2023-07-01,5609.178368933917,31574.4276647262,483.0196126508823,East
Store_41,2023-08-01,10091.51565530818,50390.81153339245,476.2255937117655,North
Store_41,2023-09-01,15040.625086868067,59410.470555505824,318.85087825433527,South
Store_41,2023-10-01,18618.575022638,79918.93519447977,256.30938326042326,North
Store_41,2023-11-01,15140.666594294062,60277.31724632056,136.67446675960343,East
Store_41,2023-12-01,15258.528377939476,45842.109130132085,389.1495214170426,North
Store_41,2024-01-01,9582.489890919169,98647.87505922628,255.3447588922605,South
Store_41,2024-02-01,7536.948109573635,43816.21505296143,344.97370051107515,West
Store_41,2024-03-01,9142.5992301253,38174.86145707442,296.0954683685035,South
Store_41,2024-04-01,19036.67652495788,96416.2652414327,132.80907646910194,North
Store_41,2024-05-01,12503.595318333711,68274.76164908646,217.3306861406564,East
Store_41,2024-06-01,16022.866661703483,41092.58719848175,243.43275626934903,North
Store_41,2024-07-01,13132.799297139309,32397.04967523816,167.95339975719054,South
Store_41,2024-08-01,18167.120005606783,61076.67869071143,354.5718990946369,East
Store_41,2024-09-01,12460.95561950482,94835.34834166952,215.253148524326,East
Store_41,2024-10-01,7314.659562577122,73012.00244047015,467.61452524935777,North
Store_41,2024-11-01,12995.378224543869,49604.26909352139,257.5481329008733,East
Store_41,2024-12-01,12578.068899006834,50851.67746862023,138.60265387111258,South
Store_42,2023-01-01,15111.629510639905,67167.31477133036,482.4852912943376,East
Store_42,2023-02-01,10547.016151026408,33287.64576584466,175.8177003120179,South
Store_42,2023-03-01,5142.391097172047,70010.82862078908,107.32647498181564,West
Store_42,2023-04-01,13233.712239233304,35513.83820161248,226.2113299963869,South
Store_42,2023-05-01,7813.151501224249,87640.12853580576,299.5664266477894,West
Store_42,2023-06-01,11309.039059518327,76915.94027431148,419.8997958750207,West
Store_42,2023-07-01,5160.369943374475,87092.20813950678,224.94665851395695,South
Store_42,2023-08-01,12206.492513157436,87251.55618342623,236.41235313415183,South
Store_42,2023-09-01,14734.726061050964,56829.07240339737,110.16818343588427,West
Store_42,2023-10-01,9900.894121643698,59861.93304920236,235.1825440094724,North
Store_42,2023-11-01,7758.775072680779,30938.76199754885,304.2024827319406,North
Store_42,2023-12-01,15327.157924890396,99257.49677677963,193.81251397373447,West
Store_42,2024-01-01,17191.748273834244,77511.16919006786,243.2728717427529,North
Store_42,2024-02-01,6893.070884202519,64323.80092187165,132.0370637154416,North
Store_42,2024-03-01,9359.77084052157,33960.78984028638,310.0545435672065,North
Store_42,2024-04-01,9147.462226787506,36509.64106638729,318.9520282048136,North
Store_42,2024-05-01,6503.77540258804,38011.734034392015,276.9044413061987,South
Store_42,2024-06-01,10950.324587490111,67167.31477133036,263.21304496048344,East
Store_42,2024-07-01,13887.118185143976,93895.5029330492,285.65874188182,East
Store_42,2024-08-01,19296.87769160136,78441.40107745737,296.40264080449174,West
Store_42,2024-09-01,19868.70705116066,83672.64395505963,410.86353519444,North
Store_42,2024-10-01,14087.82351723965,50485.38609690075,231.42738080982588,South
Store_42,2024-11-01,15090.120713054972,35330.21436596543,322.94140496008,South
Store_42,2024-12-01,17509.000990936183,96779.74991485136,262.9885410498252,North
Store_43,2023-01-01,12020.649287227488,84745.11341544378,319.09801052650545,West
Store_43,2023-02-01,19626.6504327328,52303.82797094331,442.8900392410266,East
Store_43,2023-03-01,13230.178173277558,39928.21861145151,347.79864107067766,North
Store_43,2023-04-01,19523.971815844845,89572.0860211564,460.26838749914447,North
Store_43,2023-05-01,15782.004336095306,97920.9906494272,441.58491868442144,South
Store_43,2023-06-01,5113.80005669471,67535.50905852171,114.77296341165058,East
Store_43,2023-07-01,11703.932796156869,46808.843685566746,397.2278305958596,West
Store_43,2023-08-01,10845.952033071597,72675.5133344658,257.64577925964653,West
Store_43,2023-09-01,19194.040894759437,33280.784020543186,164.9127961774738,West
Store_43,2023-10-01,8294.210841107708,71728.81660772473,407.7095283788332,East
Store_43,2023-11-01,16362.337019465003,47522.13241677676,80.62990073830122,West
Store_43,2023-12-01,19332.95771905612,43494.14342642728,477.9817308025064,South
Store_43,2024-01-01,6291.125742261378,47301.35001345421,238.51727665845291,West
Store_43,2024-02-01,11278.617649360343,57774.5290947046,113.32481073649213,East
Store_43,2024-03-01,8643.510176258273,49000.78124909854,354.1877983361153,West
Store_43,2024-04-01,7831.893802458557,39333.12999836072,301.6893414402539,South
Store_43,2024-05-01,5909.375189663707,62793.39819374988,436.4257006518874,North
Store_43,2024-06-01,7461.685931566384,96322.5818154876,267.097196016428,West
Store_43,2024-07-01,13852.79298513562,37053.75851068768,384.8285467159542,West
Store_43,2024-08-01,18941.8074668393,92932.0573992769,473.1311918404456,South
Store_43,2024-09-01,19258.69583698657,47728.20491037467,340.9994270828817,South
Store_43,2024-10-01,6652.62838417537,63354.98392834819,478.3687441972396,South
Store_43,2024-11-01,17111.96847077759,52303.82797094331,461.7257689591096,West
Store_43,2024-12-01,6298.937542631949,33934.345973919524,69.16347405616321,North
Store_44,2023-01-01,7463.891561751354,38854.48059699487,491.9523201700917,South
Store_44,2023-02-01,18629.795733339808,55197.76489107744,362.72201024160165,North
Store_44,2023-03-01,7524.876906013787,60077.17230773426,460.97313919167743,East
Store_44,2023-04-01,18318.79681883836,40203.70592491081,431.9082748418474,East
Store_44,2023-05-01,10015.006157906551,70622.04714969709,111.46419274027691,North
Store_44,2023-06-01,10581.510496165538,50058.670081382006,224.48358373153576,South
Store_44,2023-07-01,9160.450805148315,65411.11686881558,151.00234417336327,West
Store_44,2023-08-01,8462.057394716492,67066.9220415957,311.7277113935804,West
Store_44,2023-09-01,7647.607097760653,66624.14241164259,250.78326151614772,West
Store_44,2023-10-01,17080.510859694426,67217.29219659498,486.72869122092186,South
Store_44,2023-11-01,18056.94857150039,99243.20728369572,243.6551899642162,West
Store_44,2023-12-01,10063.848975653147,92474.8426274118,169.86769704226322,East
Store_44,2024-01-01,16215.354666367548,68019.72806224758,175.82586210376704,West
Store_44,2024-02-01,14742.04809957555,53010.5073027436,232.07539924918729,South
Store_44,2024-03-01,18836.74666522914,54150.5823943358,487.1050241219776,West
Store_44,2024-04-01,16657.10882247261,92721.47068292236,123.34993673582566,East
Store_44,2024-05-01,18831.44870130319,66624.14241164259,296.09267264659354,South
Store_44,2024-06-01,7738.777644723013,61094.61481067969,173.18588732352634,North
Store_44,2024-07-01,15582.998174332282,92000.92923365932,87.29106374749348,North
Store_44,2024-08-01,5574.1796985446,88965.58804356573,244.7511412819765,West
Store_44,2024-09-01,18545.20874851809,44526.01769038604,464.48996609404105,North
Store_44,2024-10-01,11894.03559871933,79365.4056317984,148.8089389409751,West
Store_44,2024-11-01,7551.479973178597,89627.10471782656,165.5178594709172,South
Store_44,2024-12-01,14504.391441503458,53678.37729034963,406.6069166916442,South
Store_45,2023-01-01,11978.913295551334,76500.89053260599,152.419401704192,East
Store_45,2023-02-01,14228.690593226607,87843.31044525243,232.0472724714399,West
Store_45,2023-03-01,5054.069275657336,92390.8896712454,186.3407084633481,North
Store_45,2023-04-01,15656.606726996391,39646.87518254587,348.54254568946374,South
Store_45,2023-05-01,18559.84598830064,41200.2361969873,54.46800751634824,North
Store_45,2023-06-01,15821.762225136104,57172.16516786014,293.9688959384253,East
Store_45,2023-07-01,18428.63835129672,57275.20626620899,386.5294082733493,South
Store_45,2023-08-01,11601.663749288931,73609.12349435868,451.5289183702536,West
Store_45,2023-09-01,10691.549622654768,43562.57835204324,301.8355241344183,South
Store_45,2023-10-01,11167.839403200554,64394.213089729565,386.4176707080422,North
Store_45,2023-11-01,9143.980351489485,61617.17101721602,429.51572752299,North
Store_45,2023-12-01,6077.5223328077145,59410.65110245081,360.0659770887704,East
Store_45,2024-01-01,17220.159010046398,41569.73179111739,470.1538085374898,South
Store_45,2024-02-01,11086.244301177949,76746.5545508391,200.715329600576,West
Store_45,2024-03-01,9375.557992955772,73687.44990197757,67.32724260809167,West
Store_45,2024-04-01,11242.119030735004,80331.65976145171,342.4185891147003,East
Store_45,2024-05-01,18929.202190377942,74289.45613256749,468.5906675683591,East
Store_45,2024-06-01,11341.31097355858,74888.33222748229,114.30084493929466,East
Store_45,2024-07-01,14602.491565098278,47751.204197975065,487.6625282824429,East
Store_45,2024-08-01,14117.374832838,50165.7904735858,97.84466779284864,North
Store_45,2024-09-01,8622.932835693786,77860.31389787409,265.15655257116674,West
Store_45,2024-10-01,17656.472438293276,58902.6528444369,427.2278861364644,South
Store_45,2024-11-01,11087.342889502135,76555.61236680996,168.35329169398733,East
Store_45,2024-12-01,15635.548735291855,73850.55533720704,100.30079610315734,East
Store_46,2023-01-01,11593.5722362732,51244.246289137,265.248075629218,North
Store_46,2023-02-01,7889.269978506436,45430.054973147206,475.4753270362994,South
Store_46,2023-03-01,17055.31020563531,69266.55966790012,119.60076991463664,South
Store_46,2023-04-01,10387.520701407342,35583.431594252135,73.00886608265765,East
Store_46,2023-05-01,16444.171351105004,86427.0210640564,108.19324137214306,South
Store_46,2023-06-01,8798.893941388116,78528.68486602721,120.02068084279402,South
Store_46,2023-07-01,6553.238838369068,96578.6961045962,453.8400923410808,West
Store_46,2023-08-01,11810.615292423485,68648.94253557717,493.7334827708168,West
Store_46,2023-09-01,11597.483033311524,88328.81715645354,280.5780153712116,North
Store_46,2023-10-01,13248.68986101674,49359.17046021257,203.3455785047104,North
Store_46,2023-11-01,8547.167221199175,68648.94253557717,264.30527455694903,North
Store_46,2023-12-01,19864.46420424949,49907.0374784836,327.05036597067834,West
Store_46,2024-01-01,10595.801934426134,88369.48793603774,180.2125106058388,East
Store_46,2024-02-01,13110.07837094686,50223.38579842099,211.21156390026664,East
Store_46,2024-03-01,11548.483247164946,91408.68153214094,263.33019569798785,East
Store_46,2024-04-01,12126.25757315572,85727.65700163826,271.98543459148215,North
Store_46,2024-05-01,13617.631664557714,56845.7742514799,386.4178224067748,South
Store_46,2024-06-01,8512.174025921851,38116.31610642823,319.8585200067717,West
Store_46,2024-07-01,13931.08561818751,94008.29158230344,397.7089285641391,North
Store_46,2024-08-01,18725.70152613209,68031.32540325423,439.60838454560434,South
Store_46,2024-09-01,9510.714552999249,91801.19338846346,177.9270904923589,North
Store_46,2024-10-01,14122.47806653445,63932.53040765663,350.797250387211,East
Store_46,2024-11-01,6689.045501436148,58861.82684395528,216.618946457924,South
Store_46,2024-12-01,13878.742641643694,87795.87737168536,130.38416585804143,West
Store_47,2023-01-01,18212.88889332864,66497.60262890888,81.54163275679106,East
Store_47,2023-02-01,19847.62026023384,55985.11849360569,401.7595535244253,East
Store_47,2023-03-01,15838.518435737333,46104.162356647365,155.14675368435985,South
Store_47,2023-04-01,8477.072525324187,35240.21910184064,238.26815680673965,East
Store_47,2023-05-01,8906.083184442612,70847.32327780806,398.566613305622,West
Store_47,2023-06-01,15499.222354388916,91904.91376802756,362.0965076253011,North
Store_47,2023-07-01,10068.333495589788,75516.02643154627,381.0714343166249,West
Store_47,2023-08-01,19663.31195244875,39243.29313254936,402.6275375181165,North
Store_47,2023-09-01,6079.489409642239,59198.91295001168,322.1688201240309,East
Store_47,2023-10-01,6956.890909276075,99896.29984812591,234.04705535852293,North
Store_47,2023-11-01,8699.94773186852,78750.14297136587,206.38772909333292,North
Store_47,2023-12-01,7674.8180519821235,36260.40215357436,486.7982954540931,West
Store_47,2024-01-01,9481.83851308252,72740.34635859415,382.9444592698261,West
Store_47,2024-02-01,19564.42776694521,63133.5298973701,312.3509334427567,West
Store_47,2024-03-01,18239.33956080521,86754.58047839253,180.0167767370828,South
Store_47,2024-04-01,5756.355067625362,93927.21022945712,435.7289545675429,North
Store_47,2024-05-01,6192.249287736044,50521.59521170431,264.1923381584463,North
Store_47,2024-06-01,10665.485786105652,57269.275096622674,188.57203097528037,South
Store_47,2024-07-01,8362.553323181262,70906.84264354674,216.9972884624607,West
Store_47,2024-08-01,19947.442270341693,89051.63260447055,237.1388908887279,North
Store_47,2024-09-01,6551.79387991747,61768.97761992357,473.6680352976538,East
Store_47,2024-10-01,8979.591008706415,70847.32327780806,376.1476893548707,South
Store_47,2024-11-01,5040.097668527926,90557.774862342,217.85586633059503,North
Store_47,2024-12-01,17711.837950679575,76237.21451647575,466.2314866654663,South
Store_48,2023-01-01,9783.962383167142,85133.30983099983,291.6263450847815,North
Store_48,2023-02-01,5718.6688292164845,71010.64738789112,380.861190816794,West
Store_48,2023-03-01,10032.191237891211,68265.57515516234,265.3994461290321,West
Store_48,2023-04-01,11797.49386669188,74929.6624021686,117.25497758771073,South
Store_48,2023-05-01,6416.136722247207,41632.60031788868,369.4280675816789,North
Store_48,2023-06-01,19623.51912762149,83285.11084172889,350.94820585788176,West
Store_48,2023-07-01,18718.62199091715,31893.545703967506,409.7605401867331,South
Store_48,2023-08-01,18988.86893515507,38515.30604809189,315.42475997557443,South
Store_48,2023-09-01,14415.134914993436,97388.55970779787,409.8274159095273,South
Store_48,2023-10-01,7241.436095230412,51934.22446492912,388.0667338824724,North
Store_48,2023-11-01,13841.898331075205,71725.11425149217,408.5401169199206,West
Store_48,2023-12-01,16174.45201324429,89953.15811809315,53.14355962185056,South
Store_48,2024-01-01,18260.37207326033,62810.60060358956,485.7239651012539,West
Store_48,2024-02-01,15042.039737053958,32594.6214838854,145.6162224189765,East
Store_48,2024-03-01,15102.724068201693,93950.75616774592,75.10867316300431,West
Store_48,2024-04-01,15446.440431345416,89555.86025600365,65.66269595960767,East
Store_48,2024-05-01,14991.78119943752,57673.343090042734,260.7850451006012,East
Store_48,2024-06-01,5335.911406446608,57157.55548693959,408.14965801345016,South
Store_48,2024-07-01,10692.447102986813,82073.64722823499,423.750883238673,North
Store_48,2024-08-01,13570.27266319222,43057.41376861863,55.82365420914409,East
Store_48,2024-09-01,11502.133445813695,68244.64640936907,311.3662290469539,South
Store_48,2024-10-01,10293.911340909846,68750.93367145018,308.0891370388271,East
Store_48,2024-11-01,19882.529751091715,36582.80026615538,420.9151175944205,West
Store_48,2024-12-01,13797.21332739186,96196.62690908082,315.86839198627666,North
Store_49,2023-01-01,10805.775019736167,83768.12513807148,281.45834488826256,West
Store_49,2023-02-01,17766.435557275818,81242.03134530465,92.59542266166912,East
Store_49,2023-03-01,7240.621553361718,47521.0525484696,282.5770935883235,North
Store_49,2023-04-01,15021.404001083112,55401.75603461895,403.88268357015227,East
Store_49,2023-05-01,5367.391911044966,59854.81492358579,402.3374558904261,South
Store_49,2023-06-01,10035.256644625948,93214.55168514552,83.63787653128026,North
Store_49,2023-07-01,9366.83768734131,71217.76556500344,281.222692446849,North
Store_49,2023-08-01,5687.232057659778,93614.00443529346,216.10438358039477,East
Store_49,2023-09-01,15811.299807768715,75756.77500018309,199.01974170566072,South
Store_49,2023-10-01,12771.21333670864,56728.90789226996,477.25504056877054,East
Store_49,2023-11-01,14244.60630848211,37316.338973793,282.59862143226536,North
Store_49,2023-12-01,6007.38226173239,75291.34314379646,95.77702560275704,North
Store_49,2024-01-01,16391.416967368306,76177.26152233366,499.18262226118657,West
Store_49,2024-02-01,8415.219537080135,47404.8131960869,151.96717649683077,East
Store_49,2024-03-01,5787.975916807268,96095.40967129412,362.99705898196726,East
Store_49,2024-04-01,18789.874813817903,37521.49810332788,54.46517390962902,South
Store_49,2024-05-01,8106.6585272133825,68805.16583435115,498.1322289010173,West
Store_49,2024-06-01,7680.186075781914,36306.73824659774,272.6922312030499,North
Store_49,2024-07-01,17940.90088744853,64522.05381779932,140.89346436933417,North
Store_49,2024-08-01,17521.49606138542,35683.33719153449,197.09714572249035,East
Store_49,2024-09-01,5449.221185141456,90129.99795586069,471.6769029886685,East
Store_49,2024-10-01,7101.160156777449,95903.56743168712,401.0570654492597,North
Store_49,2024-11-01,13906.685955394409,81371.6112495839,496.315618098389,West
Store_49,2024-12-01,17766.251229903646,37004.11781892365,152.5065700619907,East
Store_50,2023-01-01,6859.970085383751,91003.9519589243,166.095219843625,South
Store_50,2023-02-01,11016.80782558915,91529.22422630846,405.0793384419543,West
Store_50,2023-03-01,6584.963616071624,70611.4410927872,461.9519124544049,South
Store_50,2023-04-01,5991.21111031531,53660.93272607477,439.2699723929867,South
Store_50,2023-05-01,16924.56746883462,91470.58809796289,403.11050726552014,South
Store_50,2023-06-01,15486.803518090916,30184.64904668439,123.91929708835951,West
Store_50,2023-07-01,17837.519067549598,34722.71618125629,122.40497426289592,South
Store_50,2023-08-01,9517.325723242222,39673.60336908324,431.8997903387286,East
Store_50,2023-09-01,10945.730267662111,40956.63421856872,104.55326660035357,South
Store_50,2023-10-01,10473.824559669943,45874.81268265075,340.1974041654285,East
Store_50,2023-11-01,17232.156236865187,30936.799091512108,250.23259438115656,East
Store_50,2023-12-01,17262.58800050828,56295.52475739984,338.3299569878168,West
Store_50,2024-01-01,18590.10370911584,38067.78774609454,441.1253422257915,West
Store_50,2024-02-01,12208.0881089166,55950.72095559897,156.30224211337026,East
Store_50,2024-03-01,10704.074577026924,47264.044103801214,314.7726635841228,West
Store_50,2024-04-01,9807.858801413113,63158.45199633712,477.40593312745295,North
Store_50,2024-05-01,16487.451435538933,30745.409343950563,422.42128020270974,North
Store_50,2024-06-01,13444.48572309964,77926.8710386302,317.4375034573817,South
Store_50,2024-07-01,11922.502382204118,40960.3733399451,69.14744531288041,South
Store_50,2024-08-01,9002.496174022945,89714.69390846093,316.26541435613706,West
Store_50,2024-09-01,9504.282582033322,51569.17301906056,56.67017914558959,West
Store_50,2024-10-01,15137.617070314747,94033.292560507,63.70988018793392,North
Store_50,2024-11-01,16792.11569053219,68717.32880863096,250.06526456055775,South
Store_50,2024-12-01,8543.670523095672,74278.7732907277,207.9085776426736,East
